Time,Amplitude
6.083605999999918,-7.14699875
6.093440999999984,-7.766242500000001
6.102444000000105,-8.26057375
6.112348000000111,-8.7007425
6.1690289999999095,-8.9715475
6.179405000000088,-9.20759625
6.188986999999997,-9.28817875
6.199251999999888,-8.912655
6.207983999999897,-8.4772625
6.2181399999999485,-8.06112
6.275779999999941,-7.290873750000001
6.285168999999996,-6.4466237500000005
6.29413599999998,-5.76863125
6.304466000000048,-5.08278625
6.314268000000084,-4.4659474999999995
6.370206999999937,-3.9002312500000005
6.381701999999905,-3.43232125
6.391489000000092,-3.0248575
6.402180000000044,-3.0206687499999996
6.411354000000074,-3.1138787500000005
6.468894999999975,-3.2772175000000003
6.477937999999995,-3.8562087500000004
6.487980000000107,-4.50789
6.4971120000000155,-5.2610262500000005
6.507078000000092,-6.03256625
6.516131000000087,-6.80175625
6.526466999999911,-7.578610000000001
6.584920000000011,-8.26564875
6.593417999999929,-8.8820825
6.603207999999995,-8.98508875
6.612323999999944,-8.92835
6.6702110000001085,-8.74384375
6.6805329999999685,-8.225837499999999
6.689611999999897,-7.5412725
6.699501999999939,-6.699141249999999
6.7092609999999695,-5.8751875
6.718074999999999,-5.0392075
6.728114000000005,-4.29612125
6.786135999999942,-3.70285875
6.795270000000073,-3.2040325
6.805043999999953,-3.04782
6.8147559999999885,-2.9630775
6.823349999999891,-3.0338525
6.882231999999931,-3.62021125
6.891292999999905,-4.30376125
6.900918000000047,-5.014085
6.910037999999986,-5.71881125
6.921068000000105,-6.363630000000001
6.93127800000002,-7.07677625
6.988787999999886,-7.8179437499999995
6.997978000000103,-8.52565375
7.007965999999897,-8.73961375
7.017309000000068,-8.81983
7.027282000000014,-8.82828625
7.085786999999982,-8.40489125
7.094904000000042,-7.94112
7.1046389999999064,-7.316935
7.113389000000097,-6.61787625
7.123790999999983,-5.86019
7.13403500000004,-5.06210375
7.191853999999921,-4.22638
7.200914999999895,-3.4894175
7.210008000000016,-3.1812062500000002
7.220235000000002,-2.9879612499999997
7.229131999999936,-2.8770762499999996
7.287332000000106,-3.12966125
7.29639300000008,-3.5723487499999997
7.30611399999998,-4.12384375
7.315151000000014,-4.8205937500000005
7.325458000000026,-5.630108750000001
7.335704999999962,-6.445093750000001
7.392745999999988,-7.30371375
7.402775999999903,-8.08984875
7.411853999999948,-8.55924875
7.4220940000000155,-8.822011250000001
7.432125999999926,-8.977371250000001
7.4897940000000744,-8.72133
7.499336999999969,-8.25229625
7.508779000000004,-7.655952500000001
7.517712000000074,-6.903550000000001
7.527685999999903,-6.1109325000000005
7.537906000000021,-5.2981050000000005
7.595972000000074,-4.47320125
7.6053280000001,-3.7218349999999996
7.614334000000099,-3.36333125
7.624479999999949,-3.06757625
7.634213000000045,-2.8541812500000003
7.692068000000063,-3.1962200000000003
7.701483999999937,-3.6689612500000006
7.710968999999977,-4.1538675000000005
7.720150000000103,-4.732745
7.729972999999973,-5.364395
7.740154999999959,-6.087504999999999
7.797344000000066,-7.011108749999999
7.807436999999936,-7.926466250000001
7.816448000000037,-8.346465
7.825554999999895,-8.66806875
7.835638000000017,-9.010056249999998
7.89329100000009,-8.953546249999999
7.9023010000000795,-8.795756249999998
7.91230500000006,-8.447117500000001
7.9213210000000345,-7.8669975
7.931512999999995,-7.151055
7.941632000000027,-6.3939825
7.999904000000015,-5.484039999999999
8.009346999999934,-4.57543125
8.018385999999964,-4.065388749999999
8.028078999999934,-3.5900925
8.037593999999899,-3.2012875000000003
8.0966370000001,-3.0812712500000004
8.105681000000004,-3.21634875
8.115702000000056,-3.4980687500000003
8.12538799999993,-4.06659
8.135262000000012,-4.6843575
8.145258999999896,-5.35585875
8.203261000000111,-6.2581825
8.212643000000071,-7.1683225
8.221727999999985,-7.85049125
8.230773,-8.41318125
8.241142000000082,-8.841809999999999
8.297892999999931,-8.92991125
8.308986000000004,-8.93081625
8.318453999999974,-8.71994125
8.328486999999996,-8.18082625
8.33766700000001,-7.57908
8.347888999999896,-7.04944625
8.405565999999908,-6.164362499999999
8.414369000000079,-5.279660000000001
8.424359999999979,-4.619303749999999
8.433221999999887,-3.9974612499999993
8.442203000000063,-3.49982875
8.4994200000001,-3.24972625
8.511287999999922,-3.064065
8.520698999999922,-2.88364375
8.530173999999988,-3.10847
8.539359999999988,-3.404055
8.548915999999963,-3.761705
8.606078999999909,-4.59498375
8.617297999999892,-5.4639975000000005
8.626488999999992,-6.182871250000001
8.636389999999892,-6.918601250000001
8.645602000000054,-7.617342500000001
8.702166000000034,-8.153153750000001
8.713310000000092,-8.63658875
8.722348999999895,-9.019188750000001
8.731502999999975,-8.79621125
8.740559000000076,-8.48559625
8.75061299999993,-8.10288
8.807941000000028,-7.3628487499999995
8.81858299999999,-6.5214025
8.828600999999935,-5.758918749999999
8.83753999999999,-4.994274999999999
8.84673500000008,-4.2642725
8.904395999999906,-3.6746550000000004
8.915498999999954,-3.18820625
8.925478999999996,-2.8226150000000003
8.934893999999986,-2.83499375
8.944283999999925,-2.93319875
8.95349299999998,-3.1350687499999994
9.010483000000022,-3.7219625
9.021705999999995,-4.42331
9.03134399999999,-5.2006000000000006
9.040387999999894,-6.0168
9.049144999999953,-6.7499899999999995
9.059113999999909,-7.4467575
9.116849999999886,-8.154575
9.127160000000003,-8.7786975
9.136899000000085,-9.0149025
9.145935999999892,-9.12689375
9.155805999999984,-9.048502500000001
9.212757999999894,-8.547685
9.223285000000033,-8.0260075
9.232236000000057,-7.382291249999999
9.242340000000013,-6.674817499999999
9.251344999999901,-6.051768749999999
9.261185000000069,-5.329063749999999
9.31876699999998,-4.508613749999999
9.327913999999964,-3.80368125
9.337060999999949,-3.44146
9.34675100000004,-3.14817
9.355735000000095,-2.9716050000000003
9.36570800000004,-2.8157637499999995
9.424500999999964,-2.8758
9.434140999999954,-3.1963075
9.443414999999959,-3.6635612500000003
9.452586999999994,-4.1873675
9.4628909999999,-4.87574375
9.520203000000038,-5.80337125
9.53098799999998,-6.714961249999999
9.539956000000075,-7.625637499999999
9.549893000000111,-8.2744125
9.559158999999909,-8.77130125
9.616586000000098,-9.06661625
9.627038999999968,-9.24461375
9.636608000000024,-9.23030875
9.645610999999917,-8.8901925
9.654610000000048,-8.37947375
9.713228999999956,-7.810040000000001
9.726008999999976,-6.961421250000001
9.735200000000077,-6.0686975
9.745112000000063,-5.33731375
9.754427999999962,-4.648645
9.763433999999961,-3.983235
9.820965999999999,-3.470885
9.83062700000005,-3.14860125
9.840832000000091,-2.9206012500000003
9.84995600000002,-3.0134962499999998
9.860030999999935,-3.20077375
9.870112999999947,-3.4733087499999997
9.926660999999967,-4.20159375
9.93786799999998,-4.94399625
9.94703299999992,-5.633873749999999
9.956744999999955,-6.3318787500000004
9.96578999999997,-7.045405000000001
10.023417999999992,-7.74690375
10.033603000000085,-8.40138375
10.043361000000004,-8.963522500000002
10.052396000000044,-9.049700000000001
10.062141999999994,-9.102102499999999
10.07138800000007,-9.0321375
10.12857299999996,-8.61056
10.138846999999942,-8.148256250000001
10.147713000000067,-7.5530012499999994
10.157697000000098,-6.920003750000001
10.166703999999982,-6.274996250000001
10.223956999999928,-5.4832262499999995
10.234136000000035,-4.7119375
10.244504000000006,-4.0059925
10.25338899999997,-3.6164625
10.263378999999986,-3.2450975
10.272629999999936,-3.00644
10.330378999999994,-3.0283875
10.340492999999924,-3.22545875
10.350296999999955,-3.6631087499999997
10.35947699999997,-4.0965525
10.368807999999945,-4.543545
10.425422000000026,-5.42253
10.435484999999971,-6.316330000000001
10.445335999999998,-7.19450875
10.455453000000034,-7.86835125
10.464343000000099,-8.403863750000001
10.474578999999949,-8.9052825
10.531015000000025,-9.253495000000001
10.541341999999986,-9.58787625
10.551425000000108,-9.50521375
10.561441000000059,-9.260273750000001
10.570461999999907,-8.977400000000001
10.62726100000009,-8.36747125
10.638496999999916,-7.7215525
10.64742799999999,-6.962783750000001
10.657431000000088,-6.35376875
10.666482000000087,-5.7225025
10.676678000000038,-5.023115
10.733240999999907,-4.3179975
10.744566000000077,-3.6398025
10.75358099999994,-3.2765025000000003
10.763785999999982,-2.99961
10.772928000000093,-2.8298525
10.829782999999907,-3.0065962500000003
10.84036100000003,-3.3208887500000004
10.849529999999959,-3.7331075
10.859932000000072,-4.28401
10.868729999999914,-4.9901462500000004
10.878631000000041,-5.721676250000001
10.93528399999991,-6.6557075
10.945993999999928,-7.586283750000001
10.956014000000096,-8.19938625
10.966151999999965,-8.7281775
10.975144,-9.200050000000001
11.032378999999992,-9.462132500000001
11.041422000000011,-9.541763750000001
11.051414000000022,-9.580687500000002
11.061337000000094,-9.289795
11.070380999999998,-8.931980000000001
11.080404000000044,-8.485966249999999
11.13791500000002,-7.72619875
11.148136000000022,-6.9206075
11.157999000000018,-6.2046375
11.166938000000073,-5.53010875
11.177286000000095,-4.8938575
11.23451799999998,-4.17401375
11.244441000000052,-3.5398825000000005
11.254314999999906,-3.010495
11.264241999999967,-2.84986125
11.273239000000103,-2.7523512500000002
11.283445999999913,-2.7551075000000003
11.340071999999964,-3.23800875
11.351130000000012,-3.73843875
11.360104999999976,-4.38644125
11.369963999999982,-4.9986975
11.379259000000047,-5.68399125
11.436907999999903,-6.6055425
11.447104999999965,-7.509768749999999
11.455962,-8.4190875
11.465457999999899,-8.83371
11.475425000000087,-9.20354375
11.485370000000103,-9.5834025
11.542173999999932,-9.716222499999999
11.55318699999998,-9.734036249999999
11.561897999999928,-9.462826249999999
11.571899999999914,-9.088221249999998
11.581093999999894,-8.6266875
11.638793000000078,-7.835735000000001
11.649904000000106,-7.05382375
11.659167000000025,-6.1865725000000005
11.669041000000107,-5.516996250000001
11.67901699999993,-4.7856125
11.688468999999941,-4.0563125
11.745012999999972,-3.4694550000000004
11.755730000000085,-3.00213
11.764707000000044,-2.964365
11.773797000000059,-2.9823399999999998
11.784057999999959,-3.12714375
11.840693000000101,-3.57764625
11.850905000000012,-4.2802425
11.860132999999905,-5.0137487499999995
11.86986499999989,-5.65981375
11.879374000000098,-6.356189999999999
11.93706700000007,-7.067348749999999
11.951647000000094,-7.80316
11.96166100000005,-8.500657499999999
11.970956999999999,-8.91926625
11.980150999999978,-9.1051875
12.038007000000107,-9.274368749999999
12.053235000000086,-9.19273625
12.062376000000086,-8.95515625
12.07215999999994,-8.50815875
12.081337000000076,-7.94614375
12.139388000000054,-7.3363587500000005
12.154393999999911,-6.48027625
12.163465999999971,-5.638533750000001
12.173575000000028,-4.7678725
12.182847000000038,-4.19180125
12.193013000000064,-3.69152
12.250502000000097,-3.36342125
12.260692000000063,-3.0856900000000005
12.269452000000001,-2.8997137500000005
12.279248999999936,-2.9897850000000004
12.289222000000109,-3.2110125000000003
12.345688999999993,-3.8466975
12.356107000000065,-4.52514125
12.365350000000035,-5.2299175
12.37488499999995,-5.839136250000001
12.38476199999991,-6.532380000000001
12.394457999999986,-7.2812525
12.451211000000058,-8.0488525
12.462301000000025,-8.731588749999998
12.471277999999984,-8.961056249999999
12.481250000000045,-9.102705
12.49142699999993,-9.22315
12.547571999999946,-9.06144625
12.55859200000009,-8.715720000000001
12.567579000000023,-8.2128525
12.577289999999948,-7.643085
12.586301000000049,-6.995025
12.596434999999929,-6.3223087499999995
12.652863000000025,-5.55623375
12.663340000000062,-4.738237499999999
12.673579000000018,-4.202823749999999
12.683279999999968,-3.7445924999999995
12.692066000000068,-3.3473162499999995
12.749461999999994,-3.1809350000000003
12.760463999999956,-3.2389625
12.769974000000047,-3.4286887499999996
12.779661000000033,-3.71995625
12.789091999999982,-4.134062500000001
12.798872999999958,-4.712965
12.855401999999913,-5.58936125
12.865632999999889,-6.4843537499999995
12.875512999999955,-7.1803175
12.884612000000061,-7.765527500000001
12.89444299999991,-8.295481250000002
12.951411000000007,-8.762780000000001
12.961792999999943,-9.1375175
12.970863999999892,-9.258096250000001
12.981025999999929,-9.013085
12.990121000000045,-8.701519999999999
12.999606000000085,-8.404982500000001
13.056945999999925,-7.7055875
13.06805600000007,-6.958061249999999
13.077025000000049,-6.23092125
13.086864999999989,-5.489695
13.095898999999918,-4.84026625
13.15277500000002,-4.217545
13.164285000000064,-3.6639412500000006
13.173256999999921,-3.17476625
13.182231999999885,-3.0519187500000005
13.191458999999895,-2.99121125
13.201661999999942,-3.1201675000000004
13.258090999999922,-3.6105150000000004
13.269377000000077,-4.17480125
13.279367000000093,-4.90406375
13.288344000000052,-5.67795625
13.297520000000077,-6.47307875
13.354974000000084,-7.3006975
13.365481000000045,-8.101526250000001
13.374708000000055,-8.7852025
13.383477000000084,-9.10259125
13.393657000000076,-9.2765875
13.402736999999888,-9.274206249999999
13.460514000000103,-8.89526375
13.4708720000001,-8.398335000000001
13.480690000000095,-7.7676475
13.489520000000084,-7.07166125
13.498561000000109,-6.32032
13.508765999999923,-5.57125625
13.566757000000052,-4.78783
13.575929000000087,-4.0533275
13.585837999999967,-3.6647724999999998
13.594657000000097,-3.3210687500000002
13.604309999999941,-3.07580375
13.661847999999964,-3.22608
13.671986999999945,-3.57667125
13.68118000000004,-3.99625
13.691229000000021,-4.517040000000001
13.700387999999975,-5.140365
13.710199999999986,-5.827617500000001
13.766757999999982,-6.69210125
13.777914999999894,-7.563787500000001
13.78712900000005,-8.12137125
13.79698099999996,-8.525971250000001
13.805888000000095,-8.888782500000001
13.86326699999995,-8.97059375
13.873534999999947,-8.923753750000001
13.88389200000006,-8.66872875
13.89290200000005,-8.19744125
13.90237900000011,-7.7262025
13.960487999999941,-7.1758862500000005
13.97497999999996,-6.32046
13.984523000000081,-5.431375
13.993621000000076,-4.83409875
14.003259999999955,-4.259941250000001
14.061486999999943,-3.8025600000000006
14.076792999999952,-3.5149062500000006
14.085876999999982,-3.3549750000000005
14.095915000000105,-3.330775
14.105354000000034,-3.730045
14.163268000000016,-4.28890875
14.178051000000096,-5.1246712500000005
14.18762199999992,-6.021425000000001
14.197771000000103,-6.966380000000001
14.207124999999905,-7.74848375
14.21625199999994,-8.388415
14.274044999999887,-8.792505
14.283314000000018,-8.97981125
14.293496000000005,-8.93916875
14.302740000000085,-8.592353750000001
14.311909000000014,-8.223807500000001
14.32188199999996,-7.71801625
14.377960999999914,-6.85817875
14.389048000000003,-5.984605
14.399065000000064,-5.26298875
14.408601999999973,-4.64300375
14.417680999999902,-4.1274075
14.47603099999992,-3.7523812500000004
14.486216999999897,-3.4633287499999996
14.496124999999893,-3.36125625
14.505300999999918,-3.5372362500000003
14.515014000000065,-3.7927049999999998
14.52499499999999,-4.254687499999999
14.582253000000037,-5.1137075
14.592216999999891,-5.9624725000000005
14.60222900000008,-6.7416262499999995
14.611235999999963,-7.4546487500000005
14.62117400000011,-8.050457499999998
14.678092000000106,-8.532704999999998
14.688660999999911,-8.938376250000001
14.698801000000003,-9.0599925
14.707760000000007,-8.74681875
14.716797999999926,-8.38235125
14.727026999999907,-7.975596249999999
14.78378500000008,-7.119887499999999
14.795045999999957,-6.25329625
14.804491000000098,-5.544552500000001
14.814390000000003,-4.858515000000001
14.822953999999982,-4.25077375
14.881157999999914,-3.8017775
14.890773999999965,-3.46232875
14.901166999999987,-3.1721399999999997
14.910417999999936,-3.3197475
14.919945999999982,-3.5871224999999995
14.930125999999973,-4.06459
14.986503999999968,-4.83046375
14.99692600000003,-5.62204
15.007047000000057,-6.398898750000001
15.01619299999993,-7.19479875
15.025777999999946,-7.938750000000001
15.083339000000024,-8.5013525
15.092368999999962,-8.88764
15.102390000000014,-9.0195275
15.11265800000001,-8.7700225
15.121613999999909,-8.41063875
15.13166799999999,-7.94509875
15.189182000000073,-7.115071250000001
15.199213999999984,-6.244275000000001
15.20964600000002,-5.4639575
15.21866,-4.745279999999999
15.227861000000075,-4.1151212500000005
15.285474999999906,-3.69033875
15.295902999999953,-3.489955
15.304998000000069,-3.3745974999999997
15.315280999999914,-3.52305125
15.32455200000004,-3.789065
15.333883999999898,-4.1586175
15.391538999999966,-4.99934375
15.400605000000041,-5.85359625
15.411274999999932,-6.62533375
15.420292000000018,-7.244922500000001
15.429881000000023,-7.81881
15.486229999999978,-8.33472625
15.496523999999908,-8.7625825
15.50647200000003,-9.1378175
15.515668000000005,-9.012193750000002
15.525562000000036,-8.683547500000001
15.535350000000108,-8.2816875
15.592051000000083,-7.590233750000001
15.602274999999963,-6.83419125
15.61173800000006,-6.106075
15.622313000000076,-5.386735
15.63144299999999,-4.65045875
15.688294999999925,-4.0050775
15.698981999999887,-3.5703824999999996
15.70869300000004,-3.2267875
15.717879999999923,-3.28423
15.727947000000086,-3.4158525000000006
15.737161000000015,-3.6466700000000007
15.794108999999935,-4.421760000000001
15.804270000000088,-5.26997625
15.814474999999902,-6.064948750000001
15.823904999999968,-6.858047500000001
15.833313999999973,-7.6205099999999995
15.890742000000046,-8.16771
15.900384999999915,-8.689744999999998
15.910323999999946,-9.13287125
15.919298000000026,-8.9330375
15.929317999999967,-8.551266250000001
15.938470999999936,-8.098001250000001
15.99591200000009,-7.32575625
16.00611200000003,-6.4792000000000005
16.015452000000096,-5.71221625
16.025493000000097,-4.93475875
16.034560000000056,-4.2050624999999995
16.09173899999996,-3.7178850000000003
16.102757999999994,-3.3750275000000003
16.11203300000011,-3.24538125
16.12206900000001,-3.4966049999999997
16.131990000000087,-3.820335
16.141331000000037,-4.2674812499999994
16.197865999999976,-5.0800975
16.20820600000002,-5.96990375
16.217654999999922,-6.7516662499999995
16.228204000000005,-7.506259999999999
16.23760900000002,-8.12431
16.294720000000098,-8.397068749999999
16.304476999999906,-8.5418575
16.31449900000007,-8.58758125
16.323343999999906,-8.23870875
16.333421999999928,-7.7335725
16.342902000000095,-7.10286375
16.39964400000008,-6.14011125
16.41018699999995,-5.16251625
16.419388000000026,-4.445455
16.42907799999989,-3.86472625
16.438990000000103,-3.33905375
16.448178000000098,-2.87188875
16.505464000000075,-2.84873875
16.51592800000003,-3.0253862500000004
16.5249510000001,-3.61374875
16.535581999999977,-4.25686625
16.544718000000103,-4.9585975
16.600963999999976,-5.915551249999999
16.612433999999894,-6.837926249999999
16.621441000000004,-7.7195262499999995
16.631190999999944,-8.19978375
16.64108299999998,-8.557450000000001
16.650558000000046,-8.7944
16.70692800000006,-8.48629375
16.718170999999984,-8.016266250000001
16.72733100000005,-7.211297500000001
16.736327999999958,-6.381902500000001
16.74689699999999,-5.53533875
16.803374000000076,-4.67824625
16.813630999999987,-3.850505
16.823131999999987,-3.08286
16.83220899999992,-2.86282125
16.841314999999895,-2.81466875
16.899317999999994,-2.9071499999999997
16.91524400000003,-3.45688125
16.924440999999888,-4.1687175
16.93354199999999,-4.9985425
16.944424000000026,-5.8600924999999995
17.00226100000009,-6.749221250000001
17.015456000000086,-7.50995
17.02534700000001,-8.1055525
17.03439400000002,-8.432215
17.044443999999885,-8.25536125
17.054554000000053,-7.91518375
17.110785999999962,-7.13399625
17.122194000000036,-6.2505975
17.131170999999995,-5.295791250000001
17.14020400000004,-4.41081625
17.15039999999999,-3.64056875
17.1595769999999,-3.0912362499999997
17.217128000000002,-2.873425
17.22739700000011,-2.7452700000000005
17.237257,-3.10629375
17.246624999999995,-3.5875362500000003
17.256028000000015,-4.2028912499999995
17.313478000000032,-5.1522612500000005
17.322621000000026,-6.111098750000001
17.332611999999926,-7.045836250000001
17.342468999999937,-7.723912500000001
17.351415999999972,-8.32549375
17.361531999999897,-8.78904875
17.41816599999993,-8.761842499999998
17.42845699999998,-8.54732625
17.43853399999989,-7.932603749999999
17.447509000000082,-7.2332575
17.456547,-6.441998749999999
17.513553999999885,-5.433228749999999
17.524973000000045,-4.4702987499999995
17.53383299999996,-3.58861
17.54339099999993,-3.18296
17.55353100000002,-2.89412875
17.56312899999989,-2.7465550000000003
17.620435000000043,-3.15619875
17.630881000000045,-3.69924125
17.63991299999998,-4.4450225
17.64988500000004,-5.2744375
17.65948800000001,-6.0980025
17.716437999999926,-6.944075
17.726681999999983,-7.7522787499999986
17.736666000000014,-8.426435
17.745676999999887,-8.488098749999999
17.75561700000003,-8.38750125
17.76568700000007,-8.26263625
17.822341999999935,-7.5810475
17.833437999999887,-6.782435
17.842875999999933,-5.860705
17.85210200000006,-4.92254125
17.86153800000011,-4.0513575
17.918345000000045,-3.4642262500000003
17.928656000000046,-3.068535
17.938270000000102,-2.81502375
17.947208000000046,-3.0777425000000003
17.957654000000048,-3.4630912499999997
17.967388000000028,-3.9739237500000004
18.023451999999907,-4.9245675
18.03560399999992,-5.907676250000001
18.04433700000004,-6.738516250000001
18.054384000000027,-7.485165
18.06344399999989,-8.122215
18.073333000000048,-8.6551975
18.1321539999999,-8.6941025
18.141163000000006,-8.63714625
18.151196000000027,-8.0551925
18.160161000000016,-7.328522499999999
18.218039999999974,-6.4913425
18.232283000000052,-5.47446875
18.242250000000013,-4.51325375
18.251242000000047,-3.6434649999999995
18.260299000000032,-3.2426512499999998
18.318925000000036,-2.8846624999999997
18.333961000000045,-3.0806312499999997
18.343045000000075,-3.5208887499999997
18.35205700000006,-4.1236825
18.36231399999997,-4.9405825
18.37155299999995,-5.733642499999999
18.42896399999995,-6.62660125
18.439284000000043,-7.44630875
18.448149000000058,-8.2181525
18.45828400000005,-8.512303750000001
18.467427000000043,-8.64662625
18.477198000000044,-8.56178875
18.53463600000009,-7.92537
18.54525600000011,-7.222512499999999
18.555292999999892,-6.33521
18.56463000000008,-5.42808875
18.573323999999957,-4.527655
18.630934000000025,-3.79669875
18.641114000000016,-3.1242612499999995
18.651084000000083,-2.6905975
18.660098999999946,-2.90242625
18.670229000000063,-3.31799
18.679444999999987,-3.8130775
18.737423000000035,-4.7206775
18.747724999999946,-5.699205000000001
18.756761000000097,-6.5581525
18.76665899999989,-7.3937075
18.775724000000082,-8.13717875
18.832834999999932,-8.365221250000001
18.84403999999995,-8.37510625
18.85301400000003,-8.17060625
18.8620820000001,-7.519811250000001
18.871392999999898,-6.782472500000001
18.880668000000014,-5.95492625
18.938178000000107,-5.00369875
18.949260000000095,-4.0905175
18.958249000000023,-3.5628787500000003
18.967198000000053,-3.0851775000000004
18.977214000000004,-2.8479900000000002
19.03348200000005,-3.29180375
19.043762000000015,-3.80028
19.053922000000057,-4.36830625
19.063104000000067,-5.122263749999999
19.07269999999994,-5.9276
19.081730000000107,-6.8112475
19.138419999999996,-7.6924037499999995
19.14968900000008,-8.46126625
19.159769000000097,-8.55772
19.16914799999995,-8.496505
19.17805700000008,-8.40336
19.188012999999955,-8.17740375
19.245081000000027,-7.4306775
19.255627000000004,-6.562531249999999
19.265597999999954,-5.67893375
19.27457400000003,-4.80999125
19.284736000000066,-4.03159
19.341543,-3.53938625
19.351863999999978,-3.1533050000000005
19.360848000000033,-2.93285
19.370926000000054,-3.23641
19.380047999999988,-3.6445087500000004
19.436813999999913,-4.1887574999999995
19.45261699999992,-5.117066250000001
19.461563999999953,-6.07264625
19.47153400000002,-6.871235
19.480632000000014,-7.595628750000001
19.49019300000009,-8.15311875
19.54735299999993,-8.25630375
19.558491999999887,-8.190008749999999
19.567524999999932,-7.876122499999999
19.57800300000008,-7.141013750000001
19.58738500000004,-6.325222500000001
19.596240999999964,-5.47211625
19.654062000000067,-4.592845
19.66429500000004,-3.80896875
19.67341600000009,-3.39932875
19.68371000000002,-3.1298062499999997
19.69278200000008,-3.0209875
19.74967300000003,-3.4900599999999997
19.760271000000103,-4.10976
19.770138000000088,-4.8117149999999995
19.779941999999892,-5.58502125
19.78884599999992,-6.3503775
19.798855000000003,-7.15706
19.856262000000015,-7.82952125
19.86635799999999,-8.50211
19.876461999999947,-8.6016475
19.885849000000007,-8.51262125
19.895418999999947,-8.2898775
19.952244999999948,-7.539033750000001
19.962401,-6.771945
19.97240499999998,-5.88504
19.98156700000004,-5.116686249999999
19.990860999999995,-4.333811249999999
20.0000950000001,-3.621021249999999
20.05753299999992,-3.1632437500000004
20.067949,-2.9192825
20.077442999999903,-3.30199125
20.086522999999943,-3.7709375
20.09680800000001,-4.3214974999999995
20.15400599999998,-5.225714999999999
20.164320999999973,-6.132523749999999
20.17317099999991,-7.040477499999999
20.18346500000007,-7.762815
20.1920090000001,-8.3181825
20.20225800000003,-8.67201375
20.258743000000095,-8.586835
20.269084999999905,-8.406623750000001
20.279121000000032,-7.759612500000001
20.288050999999996,-7.053445
20.298336000000063,-6.2529650000000006
20.35512300000005,-5.348406249999999
20.36526499999991,-4.481800000000001
20.37428900000009,-3.6796975000000005
20.384260999999924,-3.2945825
20.393211000000065,-3.0892649999999997
20.403452000000016,-3.0110462499999997
20.46058199999993,-3.32770625
20.470800999999938,-3.8318225
20.480469000000085,-4.57813125
20.490673000000015,-5.3667375
20.50033200000007,-6.20798875
20.55671200000006,-7.05091
20.567015999999967,-7.74441375
20.57585999999992,-8.363088750000001
20.586344999999937,-8.55442625
20.595532999999932,-8.614618750000002
20.605289000000084,-8.533065
20.662084999999934,-7.891323750000001
20.672356000000036,-7.12225875
20.682411000000002,-6.24395125
20.691336000000092,-5.4072875
20.701399000000038,-4.61527375
20.75812700000006,-4.04436875
20.77042000000006,-3.49972375
20.780393000000004,-2.98118625
20.79037799999992,-3.0788649999999995
20.79953999999998,-3.3590224999999996
20.80923800000005,-3.79963
20.86605200000008,-4.5829175
20.87632899999994,-5.39647625
20.886195000000043,-6.159961249999999
20.895160999999916,-6.942456249999999
20.904651999999942,-7.71375
20.962193999999954,-8.19932
20.973212999999987,-8.4752425
20.982324000000062,-8.446155
20.992234000000053,-8.0305425
21.002324999999928,-7.54636
21.01136100000008,-6.969915
21.06857799999989,-6.0362262499999995
21.078784999999925,-5.09691875
21.08763799999997,-4.33743
21.097618999999895,-3.7148412499999997
21.10797699999989,-3.31161
21.163438000000042,-3.23973625
21.174778999999944,-3.2805725000000003
21.18475199999989,-3.4246524999999997
21.193741000000045,-3.989325
21.20371799999998,-4.633179999999999
21.213723999999957,-5.34484
21.27126599999997,-6.276997499999999
21.2813799999999,-7.1786775
21.29031400000008,-7.7853425
21.30035500000008,-8.272445
21.31029699999999,-8.59561875
21.36766200000011,-8.47700375
21.376729999999952,-8.2220125
21.386717999999973,-7.798814999999999
21.395782999999938,-7.0246225
21.405823000000055,-6.216108749999999
21.415592999999944,-5.400854999999999
21.47224899999992,-4.550373749999999
21.482502000000068,-3.79058625
21.492745000000014,-3.4518775
21.501958999999943,-3.2073737500000004
21.51188900000011,-3.11923125
21.56942499999991,-3.5293
21.579257000000098,-4.0160575000000005
21.588482999999997,-4.66969875
21.597573999999895,-5.44358125
21.607271999999966,-6.250746250000001
21.616449999999986,-7.05115875
21.673348999999916,-7.754455
21.68453700000009,-8.3888075
21.69351299999994,-8.554853750000001
21.70352899999989,-8.60010875
21.71257199999991,-8.42495875
21.722653000000037,-8.1686175
21.78126300000008,-7.3997075
21.790475000000015,-6.5178275
21.799866000000065,-5.67557125
21.809048000000075,-4.85155
21.81868600000007,-4.0879287500000006
21.876445999999987,-3.60421
21.886758999999984,-3.2715225
21.89578800000004,-3.03224625
21.905721000000085,-3.27119375
21.915254000000004,-3.574585
21.925304000000096,-4.059295
21.98318500000005,-4.9679199999999994
21.992340999999897,-5.904673750000001
22.00134899999989,-6.65959375
22.010332000000062,-7.346831249999999
22.020400999999993,-7.958425
22.03139699999997,-8.490088750000002
22.088827000000038,-8.605655
22.097888999999896,-8.54304125
22.106978000000026,-7.987543750000001
22.116706000000022,-7.311708749999999
22.174371000000065,-6.51354
22.184524999999894,-5.536016249999999
22.19441400000005,-4.57152125
22.20357899999999,-3.6832375000000006
22.21220100000005,-3.25784625
22.221440999999913,-2.9111200000000004
22.231884000000036,-2.6991425
22.290359999999964,-2.97802625
22.299166000000014,-3.4413762500000002
22.30933499999992,-4.163775
22.318610000000035,-4.95407125
22.328056999999944,-5.7793487500000005
22.38651200000004,-6.68707125
22.39590300000009,-7.50474875
22.404829000000063,-8.2278625
22.414845000000014,-8.49469875
22.42437999999993,-8.59941875
22.43431099999998,-8.536585
22.492815999999948,-7.91585125
22.50179899999989,-7.14610875
22.511029000000008,-6.227061249999999
22.520105000000058,-5.309083749999999
22.530326999999943,-4.42871125
22.588561000000027,-3.7043700000000004
22.597627000000102,-3.1584775
22.60665599999993,-2.80970125
22.61686099999997,-3.0599
22.626408999999967,-3.4233375
22.635618000000022,-3.80552875
22.692522999999937,-4.72401375
22.703203999999914,-5.66941
22.713422000000037,-6.52603125
22.722357999999986,-7.3011124999999995
22.732095999999956,-7.97178375
22.742283000000043,-8.53556625
22.800263000000086,-8.67571875
22.809244000000035,-8.746775
22.81880299999989,-8.31724125
22.82857399999989,-7.72723875
22.837610999999924,-7.015403750000001
22.895295999999917,-6.03969125
22.905798999999888,-5.05165875
22.914896,-4.0902537500000005
22.925081999999975,-3.5970887500000006
22.9347580000001,-3.21988625
22.944839,-2.87380625
23.001216999999997,-3.0599212500000004
23.012504000000035,-3.4368800000000004
23.022079000000076,-4.164960000000001
23.03104099999996,-4.99733625
23.040234000000055,-5.87792625
23.09875000000011,-6.7580599999999995
23.10892100000001,-7.564585
23.118445000000065,-8.23635
23.12753799999996,-8.4161325
23.13738199999989,-8.46963375
23.14640600000007,-8.36239
23.204025999999885,-7.659738750000001
23.215112999999974,-6.855202500000001
23.22455100000002,-5.9253775
23.233480999999983,-4.999088749999999
23.24340099999995,-4.13762125
23.29996899999992,-3.6191450000000005
23.311232000000018,-3.217405
23.320500000000038,-2.92844875
23.329531999999972,-3.21833375
23.339617999999973,-3.65544625
23.34820599999989,-4.23890125
23.406606999999894,-5.18420375
23.416819000000032,-6.1884225
23.425837,-6.9497225
23.435901000000058,-7.64531375
23.44488799999999,-8.27994125
23.501839999999902,-8.389033750000001
23.51289100000008,-8.3505275
23.5224639999999,-8.1036725
23.532392999999956,-7.42579125
23.541562999999996,-6.6659999999999995
23.550617999999986,-5.81279875
23.608745,-4.8692962500000005
23.61913800000002,-3.9949874999999997
23.62795600000004,-3.5915025
23.637878999999884,-3.2130375000000004
23.64772999999991,-3.0712450000000002
23.704778000000033,-3.4770125
23.714656000000105,-4.0176187500000005
23.724177999999938,-4.6966175
23.734355999999934,-5.54771375
23.74349200000006,-6.420042499999999
23.755409999999983,-7.2825175
23.810564999999997,-7.904635
23.822985000000017,-8.359322500000001
23.832055999999966,-8.28122
23.842194000000063,-7.98436875
23.851492000000007,-7.47193
23.907971999999972,-6.647640000000001
23.9184029999999,-5.715153750000002
23.92857200000003,-4.767387500000001
23.93774099999996,-4.076767499999999
23.94758999999999,-3.4624337499999998
23.956828000000087,-2.96457125
24.013517999999976,-3.02294625
24.023885000000064,-3.3852975
24.03374800000006,-4.010542500000001
24.043721000000005,-4.77259125
24.05270399999995,-5.542776249999999
24.10993200000007,-6.4635325
24.12057200000004,-7.30752
24.13056299999994,-8.05066125
24.139527999999927,-8.36383125
24.14935300000002,-8.466135000000001
24.159325999999965,-8.41520375
24.216370000000097,-7.6916075
24.226593000000094,-6.90922
24.235619000000042,-5.98964125
24.245525000000043,-5.1048125
24.254513999999972,-4.269626250000001
24.31104899999991,-3.8076787499999996
24.32213200000001,-3.40582375
24.332106000000067,-3.14502625
24.342077000000018,-3.5143637500000002
24.351249999999936,-4.04373125
24.361161999999922,-4.673917500000001
24.417560000000094,-5.618775
24.427867000000106,-6.582842500000001
24.43683699999997,-7.174028750000001
24.44677700000011,-7.758738750000001
24.45590399999992,-8.31107375
24.46588100000008,-8.6923625
24.5233189999999,-8.505855
24.532588000000032,-8.11228625
24.542877999999973,-7.37414875
24.551881999999978,-6.572381249999999
24.56117900000004,-5.71980875
24.617596999999932,-4.8278575
24.628809000000047,-3.9954450000000006
24.638781000000108,-3.33198
24.64877700000011,-3.1715837500000004
24.658032999999932,-3.25446
24.66826100000003,-3.5104912500000003
24.724666999999954,-4.1610499999999995
24.73388799999998,-4.97386
24.744568999999956,-5.9071074999999995
24.7533719999999,-6.8055275
24.762400999999954,-7.631927500000001
24.772705000000087,-8.410825
24.831126999999924,-8.70555875
24.840312999999924,-8.80811125
24.84962900000005,-8.50271625
24.86023399999999,-7.97898875
24.869171999999935,-7.36482875
24.92709500000001,-6.36514375
24.936140000000023,-5.396310000000001
24.946157000000085,-4.427672499999999
24.955453999999918,-3.7931687500000004
24.965470000000096,-3.2597787500000006
24.97597399999995,-2.829795
25.032932999999957,-2.9701725
25.042016999999987,-3.2160487499999997
25.051727999999912,-3.9141199999999996
25.061879999999974,-4.66606625
25.071605999999974,-5.4739925
25.129568000000063,-6.41992875
25.138220000000047,-7.285951249999999
25.148241000000098,-8.0857025
25.15789300000006,-8.40837625
25.167740999999978,-8.565971249999999
25.178065999999944,-8.58786625
25.235091999999895,-7.921599999999999
25.2435559999999,-7.189298750000001
25.25345399999992,-6.2542475
25.263468000000103,-5.31863375
25.27244500000006,-4.38078125
25.33121899999992,-3.64840375
25.34042700000009,-3.0543337499999996
25.349512000000004,-2.5368475
25.35871300000008,-2.7420862500000003
25.3688259999999,-3.0482075
25.378844999999956,-3.588405
25.436568999999963,-4.50456625
25.445551000000023,-5.4679287500000004
25.455555000000004,-6.28598125
25.4648380000001,-7.09620625
25.475016000000096,-7.8602775000000005
25.53263599999991,-8.261972499999999
25.541731000000027,-8.504881249999999
25.550760999999966,-8.3876475
25.5607950000001,-7.76354
25.57084400000008,-7.011386249999999
25.581010000000106,-6.20461
25.63806199999999,-5.2055
25.6475539999999,-4.2347624999999995
25.657650000000103,-3.557292499999999
25.666347000000087,-2.9880537499999997
25.67730400000005,-2.5764325
25.73409700000002,-2.7730312500000003
25.744189000000006,-3.21024125
25.753461000000016,-3.7693337499999995
25.763085000000046,-4.530223749999999
25.77278799999999,-5.3261449999999995
25.7830570000001,-6.107736249999999
25.84074899999996,-6.97028625
25.84992800000009,-7.8068375
25.85942,-8.209074999999999
25.86823000000004,-8.496939999999999
25.878746000000092,-8.600042499999999
25.936251999999968,-8.04392
25.945365000000038,-7.39269
25.955371999999898,-6.68009375
25.965316999999914,-5.79728875
25.97464500000001,-4.94749375
25.985548999999992,-4.08057625
26.042507999999998,-3.380065
26.051660999999967,-2.85836375
26.060678000000053,-2.984885
26.07075000000009,-3.26138125
26.079754000000094,-3.64079875
26.13744799999995,-4.48034625
26.148057999999992,-5.3734874999999995
26.15785699999992,-6.331155000000001
26.167568999999958,-7.124126250000001
26.176799999999957,-7.823641250000001
26.186470999999983,-8.4752325
26.24478399999998,-8.6639725
26.25336100000004,-8.650770000000001
26.262453999999934,-8.1902375
26.27267699999993,-7.6685425
26.281913999999915,-7.02164625
26.29149099999995,-6.267122500000001
26.349406000000045,-5.34916375
26.35908399999994,-4.42113125
26.3685660000001,-3.87216125
26.377741000000015,-3.4808000000000003
26.387484000000086,-3.2010075000000002
26.445107000000007,-3.2632812500000004
26.455433000000085,-3.4410075000000004
26.46446500000002,-3.8444125
26.474809999999934,-4.5771075
26.484357000000045,-5.42511625
26.493545999999924,-6.2538575
26.55021600000009,-7.1423425
26.561549000000014,-7.94913375
26.570590999999922,-8.402296250000001
26.579717999999957,-8.72061875
26.589508000000023,-8.814855
26.64700199999993,-8.40003
26.65733399999999,-7.82136375
26.667218000000048,-7.083802500000001
26.67619599999989,-6.21775625
26.685514999999896,-5.3501625
26.695652999999993,-4.51427125
26.75312800000006,-3.92316125
26.763288999999986,-3.4914087500000006
26.77229699999998,-3.4307512499999997
26.782596000000012,-3.4465125
26.79176899999993,-3.7567887499999997
26.84951799999999,-4.58542875
26.860509000000093,-5.4512350000000005
26.86959200000001,-6.330511250000001
26.87924799999996,-7.080523750000001
26.888063000000102,-7.77400875
26.94659700000011,-8.426485
26.960604000000103,-8.72647375
26.969771000000037,-8.839789999999999
26.979315000000042,-8.4410875
26.988190999999915,-7.89933625
26.99774699999989,-7.300432499999999
27.05586799999992,-6.420825000000001
27.064438999999993,-5.51471
27.07443699999999,-4.62011875
27.08438500000011,-4.066555
27.093450000000075,-3.58685125
27.10354499999994,-3.1461562499999998
27.1609269999999,-3.26896
27.17136000000005,-3.46627
27.18156900000008,-3.87341625
27.190628999999944,-4.34718375
27.20074199999999,-4.9546575
27.258166999999958,-5.861209999999999
27.268299999999954,-6.765276249999999
27.277241000000004,-7.659197499999999
27.287180000000035,-8.08866625
27.296149999999898,-8.461910000000001
27.306147999999894,-8.8351
27.36349999999993,-8.755485
27.374589000000014,-8.52251
27.383530000000064,-7.893728750000001
27.392540999999937,-7.173088750000002
27.402620999999954,-6.426047500000001
27.459342000000106,-5.522635
27.472813000000087,-4.656085
27.48278899999991,-3.8905625
27.491764000000103,-3.6006774999999998
27.501733999999942,-3.3337575
27.510905999999977,-3.1797050000000002
27.568759,-3.5260787500000004
27.579050000000052,-4.09394875
27.588841000000002,-4.9180625
27.597933999999896,-5.7115849999999995
27.655246999999918,-6.48523
27.676574999999957,-7.2572287499999995
27.68562399999996,-7.965000000000001
27.695410999999922,-8.62802
27.704582000000073,-8.781945
27.76220199999989,-8.33792
27.777274000000034,-7.7434975
27.78621700000008,-7.103485000000001
27.796385999999984,-6.3655887500000015
27.805562999999893,-5.497146250000001
27.862309000000096,-4.7098175
27.87866000000008,-3.9658612499999997
27.887784999999894,-3.4900325
27.89777499999991,-3.49118125
27.907725000000028,-3.53554
27.963541000000077,-4.0716737499999995
27.980982999999924,-4.7623050000000005
27.989499999999907,-5.62363625
27.998714999999947,-6.497925
28.00860200000011,-7.37454125
28.06576700000005,-7.964436249999999
28.08159099999989,-8.39985625
28.09158000000002,-8.75993875
28.100879000000077,-8.70229375
28.110012000000097,-8.536570000000001
28.16655199999991,-7.823533749999999
28.182951000000003,-7.074446249999999
28.19216499999993,-6.233968749999999
28.202338000000054,-5.478699999999999
28.211426000000074,-4.78214125
28.26811399999997,-4.23790875
28.28455400000007,-3.7262862499999994
28.293531999999914,-3.332105
28.303503999999975,-3.48849125
28.31254600000011,-3.66612625
28.3690160000001,-4.2882175
28.386449999999968,-5.0394975
28.396477000000004,-5.9095362499999995
28.405396999999994,-6.73231625
28.415557000000035,-7.53874375
28.472457000000077,-8.164445
28.487485000000106,-8.622473750000001
28.496489999999994,-8.99370875
28.50659100000007,-9.00707625
28.515632000000096,-8.8939775
28.57254899999998,-8.18422875
28.58970599999998,-7.506253750000001
28.599185000000034,-6.7434199999999995
28.60874100000001,-6.025494999999999
28.617320000000063,-5.299062500000001
28.67438100000004,-4.6248725
28.689828000000034,-3.9473237500000007
28.69940799999995,-3.3387875000000005
28.708896000000095,-3.3298112500000006
28.717900999999983,-3.3621450000000004
28.77468500000009,-3.7793674999999998
28.790447000000086,-4.21003875
28.79941699999995,-4.95743
28.809430999999904,-5.8215787500000005
28.818377000000055,-6.68340625
28.876029000000017,-7.52654625
28.891442000000097,-8.253847500000001
28.901452999999947,-8.76285
28.91043599999989,-8.918025
28.920720000000074,-9.068948749999999
28.976701999999932,-8.6414825
28.99295200000006,-7.981493749999999
29.002052999999933,-7.224677499999999
29.011815999999953,-6.4177425
29.020782999999938,-5.59618125
29.077174000000014,-4.844992500000001
29.094229999999925,-4.152586250000001
29.103339000000005,-3.5357612499999993
29.11338099999989,-3.2544612500000003
29.12254299999995,-3.176965
29.179701000000023,-3.6337937499999997
29.195124000000078,-4.16273
29.205198999999993,-4.83863
29.214803000000074,-5.68582
29.22415500000011,-6.469852499999999
29.280510999999933,-7.31240875
29.296675999999934,-8.11972125
29.305695000000014,-8.7736675
29.315923999999995,-9.00088375
29.325423,-9.1713
29.382065999999895,-8.811083750000002
29.3972389999999,-8.26202875
29.407212999999956,-7.661285
29.416238999999905,-6.94879625
29.425774000000047,-6.2369312500000005
29.482792000000018,-5.4318575000000004
29.49894100000006,-4.62174875
29.50792299999989,-3.8156399999999997
29.51792300000011,-3.45511125
29.526959999999917,-3.2242574999999993
29.583425999999918,-3.42781875
29.600574999999935,-3.6395962500000003
29.609637999999904,-4.04926125
29.618934999999965,-4.833505000000001
29.62914999999998,-5.6414575000000005
29.686103000000003,-6.571335
29.701475000000073,-7.475451250000001
29.711540999999897,-8.263175
29.720518000000084,-8.6498825
29.730718000000024,-9.03015875
29.78663000000006,-9.02096
29.802795999999944,-8.649812500000001
29.81197199999997,-7.98529
29.82201800000007,-7.182947499999999
29.83106100000009,-6.415252499999999
29.888236000000006,-5.543811249999999
29.90431199999989,-4.73812875
29.91328999999996,-3.99317125
29.923262000000022,-3.44143625
29.93234499999994,-3.080855
29.988579000000072,-3.3849187499999998
30.005439999999908,-3.84435875
30.01500800000008,-4.3566975
30.02403000000004,-5.07313125
30.0823519999999,-5.916366250000001
30.107078,-6.7807224999999995
30.116085999999996,-7.6518250000000005
30.12425099999996,-8.456225
30.134256999999934,-8.8554
30.192178999999896,-8.66896
30.20829200000003,-8.399688750000001
30.217333999999937,-7.945942500000002
30.227233999999953,-7.3346912500000006
30.23628400000007,-6.591000000000001
30.29290500000002,-5.6877525
30.308970000000045,-4.833150000000001
30.31899199999998,-4.004698749999999
30.328551999999945,-3.64195625
30.33772799999997,-3.32051625
30.394911000000093,-3.574805
30.410632000000078,-3.9430025
30.420141000000058,-4.3579225
30.42966700000011,-5.071395
30.439213999999993,-5.93439625
30.495897999999897,-6.81592125
30.511600999999928,-7.68155625
30.52054700000008,-8.4412275
30.530152000000044,-8.7049875
30.540164000000004,-8.78512125
30.596045000000004,-8.606051249999998
30.613520000000108,-8.22274875
30.622481000000107,-7.508487499999999
30.632477000000108,-6.70463375
30.641538999999966,-5.82935125
30.698376999999937,-5.0009625
30.71556499999997,-4.321473749999999
30.72483299999999,-3.76043375
30.733473000000004,-3.5618350000000003
30.74372900000003,-3.4429375
30.79942200000005,-4.043922500000001
30.815368000000035,-4.75396375
30.824315999999953,-5.530145
30.83484300000009,-6.3917175
30.84362699999997,-7.20602125
30.900891999999885,-7.942935
30.917253999999957,-8.58057625
30.926312999999936,-9.14015625
30.936034000000063,-9.0946825
30.945134000000053,-8.956945000000001
31.002023999999892,-8.39992125
31.01816400000007,-7.752681250000001
31.026894000000084,-6.96468
31.037059,-6.177081250000001
31.046180999999933,-5.3896025000000005
31.102591000000075,-4.63492125
31.119024999999965,-3.9613812499999996
31.128422,-3.40652875
31.137874999999894,-3.33024625
31.14703899999995,-3.3282475000000002
31.203398000000107,-3.8363037500000003
31.22060600000009,-4.46444375
31.23028599999998,-5.235938750000001
31.23936200000003,-6.1170125
31.249501999999893,-7.037596249999999
31.306415000000015,-7.817512499999999
31.321607000000085,-8.52754625
31.331173000000035,-9.100235
31.340146999999888,-9.1288325
31.3499690000001,-9.034087500000002
31.40680199999997,-8.492925
31.422976999999946,-7.8445325
31.432688999999982,-6.94744125
31.44223800000009,-6.06276625
31.451242999999977,-5.162105
31.507849999999962,-4.340672499999999
31.524190999999973,-3.72057125
31.533353000000034,-3.2877025
31.54342399999996,-3.19375625
31.552529999999933,-3.15315625
31.60944399999994,-3.86552
31.6250849999999,-4.6674412499999995
31.63469000000009,-5.52767125
31.643663999999944,-6.4135675
31.653602999999976,-7.26799125
31.710440000000062,-7.991605
31.7274460000001,-8.65533875
31.73745800000006,-9.3026775
31.74701899999991,-9.3116125
31.804423999999926,-9.11849
31.82901700000002,-8.54844
31.838136000000077,-7.78862
31.847046999999975,-6.9041500000000005
31.905461999999943,-5.96951125
31.93026000000009,-5.10123375
31.938969000000043,-4.4215225
31.948941999999988,-3.9147762499999996
32.00562100000002,-3.61258
32.03058400000009,-4.06554
32.04059200000006,-4.90324375
32.049680999999964,-5.86276875
32.059709999999995,-6.8758125
32.115706000000046,-7.75566
32.13299600000005,-8.36139
32.14202999999998,-8.766467500000001
32.15202399999998,-9.10339
32.16080099999999,-9.01357
32.21765099999993,-8.199131249999999
32.234193000000005,-7.324881249999999
32.24313699999993,-6.359253749999999
32.253110000000106,-5.481042499999999
32.26214899999991,-4.662612500000001
32.31902799999989,-4.00397375
32.334691999999905,-3.4219687500000004
32.34340599999996,-2.92831375
32.35354499999994,-2.9863325
32.362607000000025,-3.12219
32.419488999999885,-3.89870375
32.43598900000006,-4.6990187500000005
32.446009000000004,-5.62519375
32.45494000000008,-6.5065725
32.46442200000001,-7.3598075
32.521441000000095,-8.070947499999999
32.537796999999955,-8.66851625
32.546841000000086,-9.234555
32.55669899999998,-9.152045
32.56580400000007,-8.99135875
32.621826000000056,-8.22899875
32.63821699999994,-7.510853750000001
32.64848899999993,-6.56162
32.65802099999996,-5.69040125
32.66741400000001,-4.801159999999999
32.724124000000074,-4.05296125
32.74033200000008,-3.4950374999999996
32.74927600000001,-3.05540625
32.75838900000008,-3.3433562500000003
32.76863000000003,-3.5960924999999997
32.824186000000054,-4.47372
32.84103899999991,-5.3596900000000005
32.850016000000096,-6.41067
32.86016300000006,-7.330184999999999
32.86918300000002,-8.155495
32.925866999999926,-8.824681250000001
32.942379000000074,-9.161454999999998
32.95113500000002,-9.25178375
32.96149300000002,-8.83932875
32.970600000000104,-8.415336250000001
33.027818000000025,-7.4183062500000005
33.04497300000003,-6.35716625
33.05473600000005,-5.2995275
33.06377900000007,-4.3367425
33.07269300000007,-3.4924637499999993
33.12948899999992,-3.1533399999999996
33.145406000000094,-2.9525437500000002
33.15446100000008,-2.88007125
33.16457700000001,-3.32154875
33.17344400000002,-3.94679625
33.23035299999992,-4.9814225
33.2475179999999,-6.03824625
33.25667599999997,-7.09047375
33.266366999999946,-7.87073625
33.27565800000002,-8.5635925
33.33254600000009,-8.89451875
33.348621000000094,-9.2119575
33.35759400000006,-9.150686250000001
33.36755900000003,-8.488645
33.37674100000004,-7.7363225
33.43266900000003,-6.761797500000001
33.44985799999995,-5.706115
33.45884500000011,-4.64817
33.468779999999924,-3.85218
33.47791200000006,-3.0899825
33.5334969999999,-2.89332
33.5505619999999,-3.0278674999999997
33.56078600000001,-3.38162375
33.57034300000009,-4.064325
33.57948800000008,-4.8687675
33.6348559999999,-5.946425
33.65230900000006,-6.99901375
33.66155200000003,-8.0016125
33.67058999999995,-8.67081375
33.68068399999993,-9.175023750000001
33.737120000000004,-9.10480375
33.753249000000096,-8.88742
33.76245300000005,-8.464565
33.7724740000001,-7.72565125
33.78216599999996,-6.8789299999999995
33.83813800000007,-5.80677875
33.8542809999999,-4.763515
33.863481999999976,-3.7605762500000006
33.8729330000001,-3.23535625
33.88300200000003,-2.78235125
33.93890299999998,-3.0457400000000003
33.956053999999995,-3.4152175000000002
33.96606100000008,-3.972395
33.97555800000009,-4.88932625
33.98453399999994,-5.8574062499999995
34.04154900000003,-6.890503750000001
34.05674399999998,-7.8771225000000005
34.06566500000008,-8.74284
34.07594500000005,-8.955422500000001
34.08465799999999,-9.094650000000001
34.14218899999992,-8.8045775
34.15833399999997,-8.279645
34.16740400000003,-7.48584875
34.176414999999906,-6.52331125
34.186774000000014,-5.5013175
34.24293200000011,-4.55423125
34.260103999999956,-3.74899
34.26930399999992,-3.172785
34.278598999999986,-3.0100900000000004
34.2881890000001,-3.0123925000000003
34.34467700000005,-3.7300487500000004
34.36058800000001,-4.60540625
34.37052900000003,-5.5791112499999995
34.379547999999886,-6.591372499999999
34.38914199999999,-7.579112499999999
34.44617799999992,-8.23211625
34.46155199999998,-8.791395
34.47157100000004,-9.146915
34.481076999999914,-8.969114999999999
34.49021799999991,-8.706703749999999
34.54656799999998,-7.80805625
34.562844999999925,-6.82580125
34.57296500000007,-5.799057499999999
34.582529999999906,-4.89338875
34.5915930000001,-3.9975299999999994
34.64829800000007,-3.4566274999999997
34.665886999999884,-3.01612
34.675011999999924,-2.7113424999999998
34.68402900000001,-3.014665
34.6944739999999,-3.45552
34.75096400000007,-4.42087375
34.76731300000006,-5.4228250000000005
34.77650500000004,-6.49090375
34.785664,-7.36421125
34.79563600000006,-8.1398425
34.85125900000003,-8.580002499999999
34.8695580000001,-8.922065
34.87824599999999,-9.070583749999999
34.88824900000009,-8.54913875
34.945568000000094,-7.8833424999999995
34.97108000000003,-6.902080000000001
34.98024200000009,-5.8337975
34.98929399999997,-4.81781375
35.047076999999945,-4.0784075
35.071316000000024,-3.7759425
35.080564000000095,-3.8399849999999995
35.08967499999994,-4.13234
35.099746000000096,-4.620875
35.155539999999974,-5.61425
35.17266399999994,-6.679657499999999
35.18291900000008,-7.697116249999999
35.191957,-8.62249375
35.24988200000007,-9.18285375
35.27357800000004,-9.02544375
35.283740999999964,-8.70691
35.29271300000005,-8.3020425
35.30292899999995,-7.527103749999999
35.358911000000035,-6.45731625
35.375062999999955,-5.40333
35.38462800000002,-4.398387499999999
35.393426999999974,-3.450285
35.40369600000008,-3.0289975
35.459168999999974,-3.16619375
35.47729800000002,-3.37035625
35.4854949999999,-3.8785225
35.495828000000074,-4.77875875
35.50516599999992,-5.7196225
35.561920999999984,-6.769552500000001
35.577628000000004,-7.75867375
35.58666999999991,-8.6094075
35.596540000000005,-9.00738625
35.605579000000034,-9.25024
35.66195700000003,-8.935421250000001
35.679075999999895,-8.382335
35.68822900000009,-7.664285
35.69768900000008,-6.756327499999999
35.75552399999992,-5.7942374999999995
35.78097600000001,-4.84497125
35.790017000000034,-4.03593625
35.80004800000006,-3.3908212499999997
35.85750600000006,-3.2420375
35.88165499999991,-3.71376625
35.89119299999993,-4.4640725
35.9005810000001,-5.31978875
35.9573969999999,-6.2655325
35.98259699999994,-7.22611625
35.99165300000004,-7.90882875
36.00167600000009,-8.497404999999999
36.05911500000002,-8.94048375
36.08346499999993,-8.338948749999998
36.09383200000002,-7.46471375
36.102816000000075,-6.498016249999999
36.1603520000001,-5.460578749999999
36.18514499999992,-4.6094025
36.19460600000002,-4.066853750000001
36.203621999999996,-3.6641037499999998
36.2616559999999,-3.4032662499999997
36.28666700000008,-4.18733125
36.295795,-5.1261325
36.30498499999999,-6.13932125
36.362325000000055,-7.202855
36.38743700000009,-7.957320000000001
36.39749200000006,-8.2910775
36.40694400000007,-8.339745
36.463510999999926,-8.214651250000001
36.48885300000006,-7.298501250000001
36.49800000000005,-6.240276250000001
36.50700800000004,-5.168363750000001
36.51727600000004,-4.10141125
36.57346899999993,-3.5842725
36.58963300000005,-3.4386575
36.59960500000011,-3.5870975
36.60854399999994,-3.82943
36.61797200000001,-4.4430387499999995
36.67455999999993,-5.5238387499999995
36.69175300000006,-6.5975762499999995
36.700792999999976,-7.672866249999999
36.71077500000001,-8.349883749999998
36.72017699999992,-8.85948875
36.77694999999994,-8.8605425
36.793030000000044,-8.85083375
36.80199799999991,-8.5151425
36.811965999999984,-7.760666250000001
36.82136300000002,-6.991901250000001
36.87750099999994,-5.914107499999999
36.89265399999999,-4.835037499999999
36.90289699999994,-3.80770125
36.91187599999989,-3.1962450000000007
36.92095599999993,-2.61689625
36.97755299999994,-2.7646325
36.99561900000003,-3.06214875
37.00537699999995,-3.5475874999999997
37.01435900000001,-4.42098
37.02353300000004,-5.407730000000001
37.080936000000065,-6.479353750000001
37.096320000000105,-7.52049
37.10532699999999,-8.47885
37.11442299999999,-8.90419125
37.123857000000044,-9.1392525
37.18018299999994,-8.83742
37.19670999999994,-8.37046
37.206682999999884,-7.5971037500000005
37.21665400000006,-6.6296
37.2257810000001,-5.652737499999999
37.28244900000004,-4.622155000000001
37.29952299999991,-3.6867249999999996
37.3090259999999,-2.9807112499999997
37.31813299999999,-2.68843125
37.327142000000094,-2.50854625
37.384907999999996,-3.0580237500000003
37.399769000000106,-3.8210550000000003
37.409130000000005,-4.663903749999999
37.418678,-5.603607499999999
37.42753599999992,-6.543664999999999
37.48345100000006,-7.41763125
37.50055300000008,-8.1734825
37.51068499999997,-8.86912625
37.52006400000005,-9.04750875
37.52952200000004,-9.051513750000002
37.58641299999999,-8.319795000000001
37.60202800000002,-7.58920625
37.61245800000006,-6.798252499999999
37.621646000000055,-5.8718375
37.630873000000065,-4.983186249999999
37.68689599999993,-4.12234375
37.70307200000002,-3.2395125
37.713111000000026,-2.53757
37.72211500000003,-2.6069362500000004
37.73210700000004,-2.7906424999999997
37.78837599999997,-3.418715
37.80553000000009,-4.2052525
37.81464699999992,-5.14495625
37.82421799999997,-6.10206375
37.833229000000074,-7.10119375
37.89040900000009,-7.913869999999999
37.906741999999895,-8.5978725
37.915913000000046,-9.0063875
37.925555999999915,-8.93041625
37.9347929999999,-8.668255
37.9912240000001,-7.8436425
38.00738999999999,-6.891657500000001
38.01645400000007,-5.8437675
38.02654099999995,-4.85243875
38.03549700000008,-3.87823625
38.092038999999886,-3.2725125000000004
38.10850800000003,-2.78745875
38.11770200000001,-2.5670025
38.127727999999934,-2.9233237499999998
38.13687200000004,-3.4273225
38.193606000000045,-4.39796375
38.209789999999884,-5.4232525
38.21937099999991,-6.51865625
38.228947999999946,-7.403181249999999
38.23810800000001,-8.25245625
38.294178999999986,-8.7549275
38.31057499999997,-9.045171250000001
38.32073100000002,-9.181782499999999
38.32975899999997,-8.875995
38.339381,-8.4699125
38.396232000000055,-7.5080287499999985
38.41235800000004,-6.47196
38.42140799999993,-5.39715125
38.43132300000002,-4.481722500000001
38.440331000000015,-3.6284449999999997
38.496836999999914,-3.1848812499999997
38.51397399999996,-2.8655312499999996
38.52397999999994,-2.73148875
38.53301099999999,-3.19341875
38.54257800000005,-3.7886837499999997
38.5999139999999,-4.8022962499999995
38.61433699999998,-5.8542275
38.62435800000003,-6.954387499999999
38.6333259999999,-7.76385125
38.64289400000007,-8.4951675
38.700190999999904,-8.8547625
38.71607999999992,-9.004114999999999
38.725063999999975,-8.872045
38.735036000000036,-8.26021125
38.744733,-7.576806249999999
38.800643000000036,-6.51086875
38.81706800000006,-5.421796250000001
38.82680400000004,-4.358944999999999
38.83564000000001,-3.5558512499999995
38.84572099999991,-2.9012325
38.90180099999998,-2.86492625
38.91788900000006,-3.0221825
38.927615999999944,-3.43512125
38.93649299999993,-4.266545
38.94637200000011,-5.145723749999999
39.00318399999992,-6.212437499999999
39.019542,-7.2523725
39.02939900000001,-8.222578749999998
39.0378639999999,-8.775111249999998
39.047538999999915,-9.207079999999998
39.104241,-9.019497500000002
39.122566000000006,-8.6595625
39.131574999999884,-8.177252500000002
39.14165000000003,-7.42256125
39.19898899999998,-6.58776125
39.22337300000004,-5.551086250000001
39.23243400000001,-4.612782500000001
39.24208300000009,-3.7356512500000005
39.299960000000056,-3.3568750000000005
39.32359300000007,-3.539635
39.333865999999944,-4.0046437500000005
39.343354999999974,-4.6114825
39.40105399999993,-5.3792525
39.42611299999999,-6.4480787500000005
39.43527599999993,-7.32127625
39.444463999999925,-8.128743749999998
39.453297999999904,-8.80313
39.510626999999886,-8.559768749999998
39.52706499999999,-8.04007625
39.53623599999992,-7.2842
39.54500600000006,-6.362195
39.55477399999995,-5.3529475
39.61083200000007,-4.4315750000000005
39.62731000000008,-3.5835687500000004
39.63730600000008,-2.892351250000001
39.64673300000004,-2.6742250000000003
39.655680000000075,-2.560535
39.7122609999999,-3.16676625
39.73010999999997,-3.939795
39.73939999999993,-4.85036625
39.74840999999992,-5.81831375
39.757413999999926,-6.793716249999999
39.81468399999994,-7.592924999999999
39.830253000000084,-8.348085
39.83975699999996,-9.059126249999998
39.84948499999996,-9.09664
39.85813499999995,-9.00568375
39.91516499999989,-8.316527500000001
39.931773999999905,-7.62683625
39.94081200000005,-6.74080875
39.95081400000004,-5.85173
39.959900999999945,-4.9382649999999995
40.016133999999965,-4.06659625
40.03344799999991,-3.33437
40.0424559999999,-2.8211025
40.052423999999974,-2.84094625
40.10980799999993,-2.8356112500000004
40.13454999999999,-3.4978612499999997
40.143534000000045,-4.3337275
40.15355700000009,-5.254205000000001
40.21063200000003,-6.25536
40.23598799999991,-7.1779262500000005
40.24453700000004,-7.872540000000001
40.25469599999997,-8.38228375
40.26375000000007,-8.77889875
40.32031200000006,-8.30347875
40.336426000000074,-7.717512500000001
40.345992000000024,-6.841670000000001
40.355847999999924,-5.841105000000001
40.36502399999995,-4.88083375
40.42182600000001,-4.00075625
40.437987999999905,-3.3082375
40.44697700000006,-2.8577399999999997
40.456944999999905,-2.7986312499999997
40.46575800000005,-2.76126125
40.522312000000056,-3.48196125
40.53899000000001,-4.3071850000000005
40.548045,-5.27051125
40.557060999999976,-6.20363
40.56708600000002,-7.11639875
40.6235979999999,-7.91362875
40.64022799999998,-8.617976250000002
40.6494909999999,-9.29765
40.65929899999992,-9.43160125
40.66920200000004,-9.42311875
40.72524300000009,-8.85938375
40.74291500000004,-8.260495
40.75199599999996,-7.553315000000001
40.7621079999999,-6.686035000000001
40.81945100000007,-5.8199675000000015
40.84408200000007,-4.873961250000001
40.8531559999999,-4.03355625
40.8636140000001,-3.3716562500000005
40.87268100000006,-3.20624875
40.92992800000002,-3.49132625
40.94525300000009,-3.92671
40.95524799999998,-4.679801250000001
40.96419199999991,-5.510305000000001
41.022109999999884,-6.44052875
41.04687600000011,-7.38843375
41.05601999999999,-8.17138375
41.065270000000055,-8.85957375
41.07400800000005,-9.1183975
41.130722000000105,-8.86033125
41.14673599999992,-8.3612075
41.156717999999955,-7.731732500000001
41.16569400000003,-7.047417500000001
41.175895999999966,-6.23401375
41.23196400000006,-5.27528875
41.24913199999992,-4.3481775
41.25893599999995,-3.4741762499999997
41.2678370000001,-3.0738950000000003
41.277066000000104,-2.87317
41.33461800000009,-3.0685225
41.35062100000005,-3.3987662500000004
41.36061500000005,-4.0069775
41.36988999999994,-4.89842625
41.37927100000002,-5.79655375
41.43561700000009,-6.814555
41.45128399999999,-7.79884375
41.46031300000004,-8.61601
41.46929,-9.12130625
41.47893900000008,-9.51398375
41.53589299999999,-9.373217499999999
41.55308100000002,-9.04702125
41.56202200000007,-8.5250425
41.57203299999992,-7.81771125
41.581376999999975,-7.082564999999999
41.637361000000055,-6.063725000000001
41.65363699999989,-5.055532500000001
41.66361000000006,-4.0981125
41.672546999999895,-3.4493187499999998
41.68275799999992,-2.9262824999999997
41.73834899999997,-2.9254375
41.75445100000002,-3.047705
41.76441199999999,-3.4147475
41.77362900000003,-4.12623375
41.7828770000001,-4.87698875
41.84036999999989,-5.8977625
41.856968999999935,-6.920084999999999
41.86722099999997,-7.928629999999999
41.875718000000006,-8.59619125
41.93364900000006,-9.17438
41.95867300000009,-9.270215
41.96783000000005,-9.268979999999999
41.97735499999999,-9.170943750000001
42.03477799999996,-8.6443975
42.05946300000005,-7.728313750000001
42.06941299999994,-6.729695
42.079426999999896,-5.68053625
42.136796000000004,-4.6429575
42.1609840000001,-3.9968875000000006
42.17002000000002,-3.5951850000000003
42.179035999999996,-3.3997125
42.189321000000064,-3.4346062500000003
42.24566400000003,-4.159510000000001
42.26214200000004,-5.0477025
42.27136500000006,-6.059545
42.28144300000008,-7.08328625
42.29049299999997,-7.9982875
42.346720000000005,-8.652206249999999
42.363002999999935,-9.1269125
42.37329700000009,-9.3861025
42.38248500000009,-9.312747499999999
42.3921499999999,-9.1224525
42.44865600000003,-8.36899875
42.464586000000054,-7.563198750000001
42.474553000000014,-6.7623025
42.48352900000009,-5.9818775
42.49255999999991,-5.13065875
42.54907299999991,-4.3460012500000005
42.565595999999914,-3.5979662500000003
42.57557900000006,-2.9709587500000003
42.58455600000002,-2.9207825000000005
42.594558000000006,-2.8979950000000003
42.650667999999996,-3.2246075000000003
42.66793400000006,-3.68774375
42.67694099999994,-4.45989875
42.6869529999999,-5.31823125
42.69576299999994,-6.20185375
42.75291900000002,-7.12897
42.77106099999992,-7.95639125
42.78022299999998,-8.72738
42.790365000000065,-9.134942500000001
42.84780599999999,-9.446331250000002
42.87193900000011,-9.165127500000002
42.881163000000015,-8.761397500000001
42.891170999999986,-8.16317375
42.90041599999995,-7.317527499999999
42.95761300000004,-6.275868750000001
42.972737999999936,-5.29406375
42.98173399999996,-4.30471
42.99171999999999,-3.4052462500000003
43.0007599999999,-2.982575
43.05745200000001,-2.918405
43.074374000000034,-3.084685
43.08391800000004,-3.58428375
43.092947000000095,-4.3868962499999995
43.10289899999998,-5.20791375
43.158840000000055,-6.25681375
43.17496499999993,-7.25306625
43.184355000000096,-8.159666249999999
43.19352600000002,-8.77789125
43.202737999999954,-9.3282575
43.259459000000106,-9.361595
43.27655000000004,-9.289900000000001
43.286820000000034,-9.04967375
43.29603300000008,-8.59763875
43.30495199999996,-8.0228075
43.362540999999965,-7.03713125
43.377539999999954,-6.0342225
43.387512000000015,-5.02201375
43.39650299999994,-4.305198749999999
43.40546399999994,-3.5747924999999996
43.462498000000096,-3.274946250000001
43.478526999999985,-2.9502175
43.488924,-2.8750262499999995
43.4977879999999,-3.37408
43.50780400000008,-4.069025
43.56392499999993,-5.001965
43.580081000000064,-5.989571250000001
43.58928100000003,-7.04309375
43.59858099999997,-7.81904
43.60828599999991,-8.60744125
43.665481,-9.06384875
43.68126899999993,-9.2943975
43.69143200000008,-9.334968750000002
43.70072000000005,-9.04083
43.709765999999945,-8.518116249999999
43.766378999999915,-7.6698450000000005
43.78293099999996,-6.75927875
43.79199700000004,-5.73137125
43.80202200000008,-4.86158125
43.81195200000002,-4.07905875
43.86822499999994,-3.53038875
43.884338999999954,-3.1515875
43.89327800000001,-3.02187375
43.90342899999996,-3.2321425
43.91282299999989,-3.5649150000000005
43.969610999999986,-4.459643750000001
43.984465,-5.4269225
43.99475000000007,-6.42100375
44.00361300000009,-7.24086625
44.01359600000001,-7.997937499999999
44.07022400000005,-8.56729875
44.08566199999996,-9.059867500000001
44.09577399999989,-9.4027575
44.10477399999991,-9.303435
44.11470499999996,-9.12776125
44.12374,-8.824238750000001
44.18071299999997,-7.972417500000001
44.19215800000006,-7.11590375
44.201164999999946,-6.40152625
44.21116899999993,-5.6417287499999995
44.22011500000008,-4.862065
44.27712799999995,-4.101763750000001
44.28925699999991,-3.40586
44.298317,-2.8604325
44.30761699999994,-2.8939062499999997
44.316634999999906,-3.06400375
44.326638,-3.33975125
44.382974000000104,-3.93447125
44.3942340000001,-4.74497375
44.40442200000007,-5.6333874999999995
44.41339999999991,-6.58121625
44.42252800000006,-7.47275625
44.47830799999997,-8.272955
44.49254199999996,-8.87243375
44.5016270000001,-9.210090000000001
44.51125499999989,-9.24872125
44.52025299999991,-9.1351
44.53029399999991,-8.872318750000002
44.58707099999992,-8.098866249999999
44.59785600000009,-7.183883749999999
44.60894899999994,-6.23351
44.61897500000009,-5.376208749999999
44.627516000000014,-4.6689875
44.684387000000015,-4.00357625
44.69457200000011,-3.4021925
44.70373799999993,-2.88867375
44.71360299999992,-2.8850950000000006
44.72278499999993,-3.1214525
44.73276899999996,-3.5052849999999998
44.789363000000094,-4.26067125
44.800136000000066,-5.06941625
44.81022000000007,-5.9431075
44.81938799999989,-6.8219625
44.82793300000003,-7.686588749999999
44.88550400000008,-8.39019875
44.89893699999993,-8.960017500000001
44.909276999999975,-9.36990875
44.9179509999999,-9.30023875
44.92820400000005,-9.19954625
44.936832000000095,-8.942018749999999
44.99330800000007,-8.25456125
45.00455800000009,-7.437351249999999
45.014601000000084,-6.6536525
45.02358299999992,-5.800244999999999
45.03271300000006,-4.980735000000001
45.04170500000009,-4.17385625
45.09927399999992,-3.487085
45.11053500000003,-2.973315
45.11969900000008,-2.8762762499999996
45.12968000000001,-2.9734
45.13865499999997,-3.1751175
45.19582300000002,-3.9253312499999993
45.206042000000025,-4.704242499999999
45.2160530000001,-5.58128625
45.22574000000009,-6.376589999999999
45.23479300000008,-7.1524
45.24459000000002,-7.939050000000001
45.30100100000004,-8.64416375
45.31186699999989,-9.234545
45.322120999999925,-9.284208750000001
45.33120000000008,-9.321573749999999
45.3406930000001,-9.329173749999999
45.39795200000003,-8.720163750000001
45.40818899999999,-7.96499625
45.41702699999996,-7.1129175
45.42700799999989,-6.3157625
45.43674899999996,-5.6114049999999995
45.4462289999999,-4.91639875
45.50468599999999,-4.0786075
45.51368600000001,-3.2251000000000003
45.52367299999992,-2.95365
45.53249200000005,-2.80172625
45.5425009999999,-2.8425200000000004
45.59837500000003,-3.14220625
45.61197199999992,-3.5252487500000003
45.62101099999995,-4.1506775000000005
45.63060100000007,-4.9746475
45.640636000000086,-5.87712875
45.65003200000001,-6.76720875
45.70723799999996,-7.7293375
45.71752100000003,-8.52085625
45.726998000000094,-8.9317875
45.73618899999997,-9.17676875
45.74561999999992,-9.19309625
45.80185699999993,-8.7887825
45.81611799999996,-8.179665
45.82506400000011,-7.447419999999999
45.83508400000005,-6.6249525
45.844364999999925,-5.7602037500000005
45.853906999999936,-4.91090125
45.91112999999996,-4.029275
45.92158799999993,-3.2575874999999996
45.93161299999997,-2.96656125
45.94084500000008,-2.8461075
45.95101599999998,-2.91698375
46.00739799999997,-3.4659674999999996
46.018628000000035,-4.2057375
46.02763200000004,-5.05944875
46.03792500000009,-6.029781249999999
46.047015999999985,-6.9729624999999995
46.056618999999955,-7.842082499999998
46.11471699999993,-8.633117499999999
46.12370899999996,-9.24636625
46.134223999999904,-9.299292499999998
46.14327899999989,-9.252567499999998
46.15282499999989,-9.1468475
46.209295999999995,-8.4276125
46.22260800000004,-7.606825000000001
46.231674999999996,-6.7067125
46.24175100000002,-5.8422125
46.25089000000003,-5.07083875
46.26045599999998,-4.3304462500000005
46.31734200000005,-3.6802325
46.32854500000008,-3.06342875
46.337569999999914,-3.0009612499999996
46.34714800000006,-3.0700974999999997
46.35719100000006,-3.3786925000000005
46.412812999999915,-4.183845
46.424991999999975,-4.978975
46.43499799999995,-5.896539999999999
46.443909000000076,-6.762947499999999
46.45391399999994,-7.592559999999999
46.46229500000004,-8.439711249999998
46.518896999999924,-8.9363075
46.530868000000055,-9.2258725
46.539927000000034,-8.948806249999999
46.549764000000096,-8.60763125
46.55833499999994,-8.11747375
46.6157639999999,-7.21395125
46.62666599999989,-6.2630099999999995
46.636661000000004,-5.22339875
46.64588499999991,-4.47328375
46.6549849999999,-3.80598375
46.66464700000006,-3.2427875
46.721377000000075,-3.1829712499999996
46.73163100000011,-3.2470837500000003
46.74197200000003,-3.7609225
46.75156500000003,-4.392062500000001
46.76086200000009,-5.23604375
46.81730199999993,-6.28479375
46.82894600000009,-7.2749325
46.83796899999993,-8.20950625
46.84754399999997,-8.678932499999998
46.85650899999996,-9.04674625
46.866013000000066,-9.3007925
46.92342499999995,-8.928852499999998
46.93455199999994,-8.38989625
46.94351800000004,-7.5767975000000005
46.95306000000005,-6.7798175
46.96299500000009,-5.9964775
47.018837000000076,-5.023151250000001
47.03269900000009,-4.119117500000001
47.043431000000055,-3.3170212500000007
47.05188799999996,-3.0943312500000006
47.062008000000105,-3.0191375
47.118934999999965,-3.4848175
47.13314199999991,-4.10442875
47.1435120000001,-4.85061
47.152963,-5.80525875
47.16193999999996,-6.7677025
47.17118800000003,-7.71036125
47.2280659999999,-8.45607375
47.23859300000004,-9.07044875
47.24820399999999,-9.1067775
47.25730300000009,-8.91639375
47.26732500000003,-8.44165
47.27673600000003,-7.90362875
47.332615999999916,-6.956097499999999
47.343728000000056,-5.9466125
47.35426200000006,-5.057735
47.36424499999998,-4.2191350000000005
47.37321599999996,-3.4976825000000002
47.43010200000003,-3.2642587500000007
47.44061099999999,-3.2456449999999997
47.451352999999926,-3.44503375
47.46060499999999,-4.1163275
47.46977599999991,-4.875238749999999
47.47940700000004,-5.753585
47.53624100000002,-6.781527499999999
47.546442999999954,-7.79027
47.55601200000001,-8.2949225
47.565372000000025,-8.73724
47.575366999999915,-8.9483575
47.631609000000026,-8.55994
47.641914999999926,-8.0498925
47.650973999999906,-7.43015625
47.66090800000006,-6.57214125
47.6710579999999,-5.6764075
47.680331000000024,-4.7924412499999995
47.73749900000007,-4.024455
47.74836899999991,-3.3970937500000002
47.757206,-3.38171875
47.76715300000001,-3.5480575
47.776178999999956,-3.8537049999999997
47.83297999999991,-4.6136425
47.84404500000005,-5.4838000000000005
47.853575999999975,-6.454365
47.86354899999992,-7.34316875
47.87252199999989,-8.17287625
47.88171299999999,-8.8916875
47.93949999999995,-9.167741249999999
47.949626999999964,-9.3014
47.95860799999991,-8.99770625
47.968587999999954,-8.54299
47.977589999999964,-7.966338749999999
48.03424999999993,-7.002476250000001
48.04461300000003,-6.008651250000001
48.05415100000005,-5.002117500000001
48.06352500000003,-4.3240549999999995
48.07352700000001,-3.69261625
48.130809,-3.164775
48.145937,-3.09903
48.155455000000075,-3.30372
48.164309,-4.05211875
48.174465000000055,-4.88317625
48.231487000000016,-5.7814387499999995
48.24697399999991,-6.7664675
48.25612799999999,-7.669438749999999
48.265857000000096,-8.500197499999999
48.275936,-8.922543749999999
48.33261900000002,-9.142529999999999
48.34845199999995,-8.72813
48.35847399999989,-8.126492500000001
48.36744199999998,-7.39429875
48.37664999999993,-6.557402499999999
48.43425400000001,-5.767087500000001
48.449701000000005,-4.9249475
48.459601999999904,-4.2267174999999995
48.46930599999996,-3.5727775
48.47899499999994,-3.42617
48.48759999999993,-3.5192762500000003
48.54514999999992,-4.2383075
48.55496500000004,-4.98992
48.56500499999993,-5.79883875
48.57398199999989,-6.698180000000001
48.583953000000065,-7.54118875
48.59392899999989,-8.36612875
48.65041999999994,-8.962724999999999
48.66157300000009,-9.39570125
48.6707100000001,-9.14269125
48.67998699999998,-8.76194125
48.68921399999999,-8.257936249999998
48.69916199999989,-7.743586249999999
48.756824999999935,-6.764626249999999
48.765985999999884,-5.76189125
48.775020999999924,-4.944767500000001
48.78539999999998,-4.18697125
48.79481400000009,-3.5889925
48.85178500000006,-3.51140875
48.862186000000065,-3.67207625
48.87120899999991,-3.89586625
48.88087900000005,-4.5620537500000005
48.890634999999975,-5.3619975
48.8998509999999,-6.26833125
48.95716799999991,-7.2344925
48.967562000000044,-8.178883749999999
48.9769839999999,-8.65272625
48.98639800000001,-8.88847
48.995865000000094,-8.8935675
49.052828999999974,-8.50681125
49.062828999999965,-7.85751375
49.07268799999997,-7.045649999999999
49.081637,-6.106848749999999
49.09164200000009,-5.12964
49.1490839999999,-4.17244125
49.16438599999992,-3.5124675
49.1736370000001,-3.111035
49.18274100000008,-3.15224625
49.19290999999998,-3.41327
49.25005800000008,-3.78109625
49.2659000000001,-4.685645
49.274801000000025,-5.6879475
49.284677999999985,-6.72757125
49.29338800000005,-7.5675825
49.303674999999885,-8.301505
49.35984000000008,-8.6191525
49.37062500000002,-8.844104999999999
49.38060599999994,-8.96654875
49.389883000000054,-8.5528075
49.39839200000006,-7.9664025
49.40906599999994,-7.194332500000001
49.46690199999989,-6.1663075
49.47595700000011,-5.13212875
49.48598100000004,-4.4418275000000005
49.4959530000001,-3.83471625
49.504924000000074,-3.4905324999999996
49.514932000000044,-3.183245
49.572513999999956,-3.3734262499999996
49.58152199999995,-3.9619374999999994
49.590549999999894,-4.89101875
49.600502000000006,-5.84294375
49.61040899999989,-6.83065
49.66766000000007,-7.76080125
49.67793400000005,-8.39477
49.68680100000006,-8.9523475
49.69677200000001,-9.071455
49.70571199999995,-8.9205675
49.76368600000001,-8.696993749999999
49.77399300000002,-7.8267825
49.7838099999999,-6.837080000000001
49.792826000000105,-5.851472500000001
49.80187000000001,-4.9969525
49.81117999999992,-4.215668750000001
49.822388000000046,-3.4520725000000008
49.87965299999996,-3.1035425
49.88842700000009,-2.77524125
49.898414999999886,-3.116225
49.90745500000003,-3.6885975
49.917331000000104,-4.34781
49.92756200000008,-5.03058125
49.98520000000008,-6.0398387499999995
49.9943209999999,-7.086588749999999
50.00366699999995,-7.7656525
50.01283699999999,-8.373235
50.02267200000006,-8.89604625
50.08069599999999,-8.883095
50.0898380000001,-8.697596249999998
50.099148000000014,-8.3337225
50.10829899999999,-7.63800375
50.11739499999999,-6.8457675
50.174944000000096,-5.93091875
50.18485899999996,-4.924003750000001
50.19386499999996,-3.9816437500000004
50.203866999999946,-3.4680650000000006
50.21287499999994,-3.12924125
50.222852999999986,-3.0436537500000003
50.23311600000011,-3.09719
50.290797999999995,-3.6098099999999995
50.29996600000004,-4.3164675
50.309537999999975,-5.2414862499999995
50.318246000000045,-6.23001625
50.32844,-7.20415375
50.38662399999998,-8.0586475
50.395537000000104,-8.667647500000001
50.40460699999994,-9.040592499999999
50.414845000000014,-8.99416875
50.42376899999999,-8.875005
50.43389499999989,-8.65602875
50.491919999999936,-7.72903875
50.50143200000002,-6.7462775
50.51034800000002,-5.773890000000001
50.5202690000001,-4.893506250000001
50.52960899999994,-4.13760625
50.587633000000096,-3.618055
50.59689400000002,-3.200265
50.60690999999997,-2.82577
50.615892999999915,-3.09643875
50.625860999999986,-3.4737762500000002
50.68369400000006,-3.93853375
50.69401199999993,-4.923204999999999
50.70285399999989,-5.908333750000001
50.711892000000034,-6.717713750000001
50.721876000000066,-7.46300875
50.731046000000106,-8.1746625
50.74211500000001,-8.85840875
50.79960600000004,-9.232655
50.80832499999997,-9.4305825
50.818314999999984,-8.97046875
50.828001000000086,-8.34614
50.83698699999991,-7.623085000000001
50.84794699999998,-6.7689900000000005
50.90569099999993,-5.6929662500000004
50.91483999999991,-4.6294425
50.924563000000035,-3.8211125
50.93355199999996,-3.17357375
50.943598000000065,-2.7251350000000003
51.00171399999999,-2.8852249999999997
51.01088299999992,-3.288045
51.02050099999997,-3.890325
51.02946100000008,-4.79870625
51.03911199999993,-5.769625
51.0495699999999,-6.75227875
51.10679200000004,-7.66826375
51.115947000000006,-8.531292500000001
51.125469000000066,-8.907003750000001
51.134673999999904,-9.05352875
51.143857000000025,-9.061136249999999
51.15460299999995,-8.91831375
51.21245799999997,-8.16393375
51.221497,-7.278886249999999
51.23102999999992,-6.320589999999999
51.24016000000006,-5.3754725
51.24881699999992,-4.466612500000001
51.30782900000008,-3.60129625
51.31683799999996,-3.1087025
51.32666399999994,-2.693205
51.33570200000008,-2.89369
51.34482600000001,-3.22012125
51.35558100000003,-3.78836125
51.41361299999994,-4.7622912500000005
51.42289800000003,-5.77779125
51.43221399999993,-6.83884125
51.4411970000001,-7.57853
51.45117000000005,-8.2635775
51.5104859999999,-8.82045625
51.519976999999926,-8.9930925
51.529315,-8.93577
51.53838500000006,-8.3152075
51.54716600000006,-7.52131
51.5575859999999,-6.6508025
51.61551600000007,-5.588637499999999
51.624911999999995,-4.550163749999999
51.63447300000007,-3.6131275
51.643600000000106,-3.13681625
51.65257900000006,-2.79462125
51.66355199999998,-2.6456975
51.721371999999974,-3.1333625000000005
51.73044600000003,-3.8643975000000004
51.73951699999998,-4.82946375
51.74948999999992,-5.856935
51.757982000000084,-6.847241250000001
51.81721700000003,-7.671116250000001
51.82640399999991,-8.32329
51.835419999999885,-8.88371375
51.84480000000008,-8.940195
51.8539760000001,-8.778426249999999
51.865395000000035,-8.46911875
51.921624000000065,-7.4893712500000005
51.932006,-6.503866250000001
51.9414690000001,-5.566915000000001
51.950135000000046,-4.6939150000000005
51.9594340000001,-3.8572575
52.01698699999997,-3.4015199999999997
52.0279680000001,-3.0004075000000006
52.038029999999935,-2.8220987500000003
52.047045000000026,-3.38137625
52.056571000000076,-3.9946475
52.06600800000001,-4.63584
52.12356199999999,-5.6989725
52.13373499999989,-6.7951250000000005
52.14277199999992,-7.5164349999999995
52.152446000000054,-8.22617625
52.161636000000044,-8.79236625
52.21828899999991,-8.7958725
52.22992599999998,-8.649537500000001
52.23917600000004,-8.37687875
52.248333999999886,-7.81561875
52.25802599999997,-7.102449999999999
52.267004999999926,-6.2024775
52.324438999999984,-5.14656
52.33552299999997,-4.11002625
52.345505,-3.54734375
52.35407000000009,-3.161615
52.36366500000008,-3.08404625
52.421153000000004,-3.37475125
52.43146900000011,-3.8776275
52.44065300000011,-4.59171125
52.449849000000086,-5.57623875
52.460057000000006,-6.59857375
52.469356999999945,-7.6246624999999995
52.525777999999946,-8.52295125
52.53675599999997,-9.1188225
52.54574600000001,-9.117681249999999
52.5562359999999,-8.94294125
52.565213000000085,-8.61989625
52.57521399999996,-8.054347499999999
52.63359799999989,-7.081874999999999
52.64267599999994,-6.009399999999999
52.65270099999998,-4.9802275
52.66224800000009,-4.0562675
52.67143299999998,-3.2857550000000004
52.728507000000036,-3.0146300000000004
52.739704000000074,-2.9132424999999995
52.74944800000003,-2.9859687499999996
52.75820599999997,-3.4679237499999997
52.767303000000084,-4.2182175
52.82566399999996,-5.085095
52.83484199999998,-6.1671525
52.84488299999998,-7.236706250000001
52.85389000000009,-7.8601325
52.86317600000007,-8.42818875
52.873239999999896,-8.9268675
52.93044899999995,-8.90260625
52.9406019999999,-8.68201625
52.94945400000006,-8.284615
52.95913900000005,-7.5844362499999995
52.968255,-6.69921
53.02629499999989,-5.772328750000001
53.039624,-4.775411249999999
53.049121000000014,-3.9197612499999996
53.0579130000001,-3.5720275
53.068177000000105,-3.3165775
53.07710399999996,-3.1284675
53.13379699999996,-3.6008625
53.14430799999991,-4.28819875
53.15385100000003,-5.1223425
53.16387200000008,-6.074999999999999
53.17330599999991,-6.958236250000001
53.18252400000006,-7.829466249999999
53.23993799999994,-8.50102375
53.25099799999998,-9.14318875
53.26067499999999,-9.18609
53.26956900000005,-9.125485
53.27975199999992,-8.85289625
53.3357739999999,-8.07500125
53.34589299999993,-7.201258749999999
53.3562179999999,-6.253768749999999
53.36587499999996,-5.361582499999999
53.37560899999994,-4.4759762499999995
53.38508200000001,-3.5890025000000003
53.441912,-2.9854350000000003
53.45218900000009,-2.59656875
53.46258899999998,-2.7606987499999995
53.471649999999954,-3.12272875
53.481477999999925,-3.6355825
53.53852200000006,-4.60598
53.548684000000094,-5.6280425
53.558373000000074,-6.69966125
53.56696099999999,-7.56106125
53.5769479999999,-8.348659999999999
53.58598600000005,-9.043875
53.64318899999989,-9.180128750000002
53.652818000000025,-9.167803750000001
53.66350699999998,-8.62542
53.672702999999956,-8.018355000000001
53.68167500000004,-7.2176462500000005
53.690853999999945,-6.374356249999999
53.747912999999926,-5.291601249999999
53.759133999999904,-4.223943749999999
53.769078000000036,-3.681551250000001
53.77908699999989,-3.1436137500000005
53.788054999999986,-2.88210875
53.84510399999999,-3.14641125
53.85477900000001,-3.64195125
53.8647269999999,-4.2388062500000006
53.873648,-5.2009
53.8835959999999,-6.14464375
53.89276999999993,-7.05793
53.950137999999924,-8.01366375
53.96055000000001,-8.7142975
53.969513000000006,-8.849432499999999
53.97938399999998,-8.92249625
53.988272999999936,-8.91121125
53.99850199999992,-8.62941625
54.05700499999989,-7.762336250000001
54.066012,-6.854291250000001
54.07617400000004,-5.871507500000001
54.085673999999926,-4.992092500000001
54.09529199999997,-4.13214625
54.15185900000006,-3.52841125
54.162773000000016,-3.0410587500000004
54.17180499999995,-2.8025450000000003
54.18177700000001,-3.31698125
54.190828999999894,-3.8056375
54.200019999999995,-4.51483625
54.25699200000008,-5.54958375
54.26722700000005,-6.6471025
54.277524000000085,-7.48708
54.28724800000009,-8.21479
54.29589899999996,-8.79834375
54.35266999999999,-8.8981475
54.362753999999995,-8.92756875
54.371787999999924,-8.499685000000001
54.38198200000011,-7.71001375
54.39216099999999,-6.748447499999999
54.40152899999998,-5.791955
54.45900800000004,-4.7419825
54.46899899999994,-3.7730399999999995
54.478474000000006,-3.16311375
54.487258999999995,-2.69229375
54.49759999999992,-2.6996650000000004
54.55378500000006,-3.2922262499999997
54.56404100000009,-4.05615375
54.57312499999989,-4.8974125
54.58254699999998,-5.90592625
54.5926199999999,-6.9210725
54.601830000000064,-7.91294
54.65880900000002,-8.566185
54.66951199999994,-9.0449175
54.6783539999999,-8.822895
54.68829800000003,-8.48862
54.69833999999992,-7.961705
54.7073170000001,-7.35172
54.765296000000035,-6.256482499999999
54.775540999999976,-5.1680575
54.78474600000004,-4.42388875
54.79446800000005,-3.76657375
54.85148400000003,-3.3103075
54.86962399999993,-3.5708562500000003
54.87960700000008,-4.1277275
54.88860999999997,-4.72913
54.89855699999998,-5.7723575
54.90752300000008,-6.8577200000000005
54.964836000000105,-7.511608750000001
54.975009,-8.045513750000001
54.98478399999999,-8.477615
54.993901999999935,-8.1193775
55.0036070000001,-7.43042625
55.01281700000004,-6.63528875
55.07070999999996,-5.653138749999999
55.080602,-4.6551575000000005
55.090439999999944,-4.07318875
55.09941099999992,-3.6129050000000005
55.109564999999975,-3.27546375
55.16534299999989,-3.81983
55.17602800000009,-4.533635
55.185776999999916,-5.35981375
55.19481799999994,-6.39829875
55.20499599999994,-7.391629999999999
55.21378299999992,-8.262136250000001
55.271117000000004,-8.58061125
55.28154900000004,-8.67963625
55.29141299999992,-7.87905
55.30058600000007,-6.96676875
55.309766999999965,-5.992993750000001
55.36656599999992,-5.05726
55.37952700000005,-4.28240125
55.38806700000009,-3.6729612499999997
55.39820800000007,-3.60633875
55.4073820000001,-3.81323
55.417707000000064,-4.427035
55.47377699999993,-5.38064
55.4851920000001,-6.3412049999999995
55.494165000000066,-7.16627125
55.503332,-7.71698625
55.51330299999995,-8.0220525
55.570478000000094,-7.6331675
55.583710999999994,-7.04749
55.59285399999999,-6.20808875
55.6020289999999,-5.124747500000001
55.61212599999999,-4.093044999999999
55.62110499999994,-3.1651787499999995
55.67795299999989,-3.04052625
55.6890249999999,-3.11406
55.698065999999926,-3.9848412499999997
55.70778700000005,-4.950783749999999
55.71682099999998,-6.023211250000001
55.77378199999998,-6.91385625
55.785172999999986,-7.619933749999999
