Time - Plot 0,Amplitude - Plot 0
1070345:28:54.424072,-10.6888
1070345:28:54.433083,-7.5845
1070345:28:54.442099,-6.74856
1070345:28:54.451135,-9.49995
1070345:28:54.459216,-10.5364
1070345:28:54.468543,-7.58843
1070345:28:54.526317,-6.62971
1070345:28:54.534526,-7.18934
1070345:28:54.543038,-11.2482
1070345:28:54.552303,-10.0219
1070345:28:54.560326,-6.61531
1070345:28:54.568878,-6.7451
1070345:28:54.626985,-6.8209
1070345:28:54.636162,-7.64752
1070345:28:54.644445,-9.48117
1070345:28:54.653556,-7.43882
1070345:28:54.662230,-5.90447
1070345:28:54.670379,-7.39696
1070345:28:54.728523,-8.56743
1070345:28:54.737135,-8.4828
1070345:28:54.746111,-6.98304
1070345:28:54.754377,-7.16322
1070345:28:54.763296,-8.48442
1070345:28:54.772362,-8.33751
1070345:28:54.781349,-7.91459
1070345:28:54.839000,-6.40419
1070345:28:54.847501,-8.3148
1070345:28:54.856374,-8.49412
1070345:28:54.864893,-10.5555
1070345:28:54.873863,-11.6433
1070345:28:54.883071,-9.1617
1070345:28:54.941267,-9.19418
1070345:28:54.949982,-11.6423
1070345:28:54.958879,-10.3033
1070345:28:54.967525,-11.6429
1070345:28:54.976394,-9.45455
1070345:28:54.985329,-11.6428
1070345:28:55.042645,-11.6428
1070345:28:55.051657,-11.6425
1070345:28:55.059695,-11.6427
1070345:28:55.068880,-11.6426
1070345:28:55.077502,-11.6428
1070345:28:55.086829,-11.6428
1070345:28:55.143558,-11.6425
1070345:28:55.152615,-11.6424
1070345:28:55.160628,-9.55088
1070345:28:55.169869,-11.6426
1070345:28:55.178408,-11.6424
1070345:28:55.187739,-11.6426
1070345:28:55.245817,-11.6427
1070345:28:55.253817,-11.6426
1070345:28:55.263302,-11.6428
1070345:28:55.271339,-11.6425
1070345:28:55.280520,-11.6428
1070345:28:55.289851,-11.6429
1070345:28:55.347302,-11.3736
1070345:28:55.355966,-11.6431
1070345:28:55.364242,-11.6432
1070345:28:55.373296,-11.643
1070345:28:55.381991,-11.6435
1070345:28:55.391792,-11.6425
1070345:28:55.448694,-11.6431
1070345:28:55.457737,-11.6428
1070345:28:55.466512,-11.6426
1070345:28:55.474526,-11.6427
1070345:28:55.482650,-7.89704
1070345:28:55.493097,-11.6332
1070345:28:55.550544,-11.6428
1070345:28:55.558079,-11.6425
1070345:28:55.567250,-11.6425
1070345:28:55.576315,-11.6425
1070345:28:55.584336,-7.27995
1070345:28:55.593524,-11.6428
1070345:28:55.651229,-11.6422
1070345:28:55.660241,-11.3672
1070345:28:55.668900,-11.6428
1070345:28:55.677306,-11.6426
1070345:28:55.685979,-11.643
1070345:28:55.695629,-11.6428
1070345:28:55.752972,-11.643
1070345:28:55.761733,-9.84516
1070345:28:55.770418,-11.6428
1070345:28:55.779355,-11.6425
1070345:28:55.787322,-11.6426
1070345:28:55.797318,-11.6429
1070345:28:55.854587,-11.6423
1070345:28:55.863479,-11.6425
1070345:28:55.872565,-11.643
1070345:28:55.881262,-11.6434
1070345:28:55.890095,-11.6432
1070345:28:55.899297,-11.6434
1070345:28:55.956053,-11.6425
1070345:28:55.964723,-11.6431
1070345:28:55.973512,-11.6431
1070345:28:55.981683,-11.6433
1070345:28:55.990586,-11.6431
1070345:28:56.047749,-11.6434
1070345:28:56.056003,-11.6431
1070345:28:56.065589,-11.6434
1070345:28:56.073551,-11.6432
1070345:28:56.082821,-11.643
1070345:28:56.091260,-11.6426
1070345:28:56.148388,-11.6425
1070345:28:56.157142,-11.6433
1070345:28:56.165741,-11.6428
1070345:28:56.174710,-11.6425
1070345:28:56.183923,-11.6424
1070345:28:56.192548,-11.6427
1070345:28:56.200970,-11.6426
1070345:28:56.258700,-11.6426
1070345:28:56.267887,-11.6423
1070345:28:56.276530,-11.6426
1070345:28:56.284534,-11.6425
1070345:28:56.293668,-11.6424
1070345:28:56.302698,-11.6424
1070345:28:56.359462,-11.6428
1070345:28:56.368486,-11.6425
1070345:28:56.377258,-11.6428
1070345:28:56.386010,-11.6427
1070345:28:56.394455,-11.6427
1070345:28:56.403297,-11.6428
1070345:28:56.460424,-11.6427
1070345:28:56.469450,-11.643
1070345:28:56.477761,-11.6427
1070345:28:56.486843,-11.6427
1070345:28:56.494978,-11.6427
1070345:28:56.504532,-11.6428
1070345:28:56.561409,-11.6428
1070345:28:56.570574,-11.6427
1070345:28:56.579760,-11.6427
1070345:28:56.587941,-11.6428
1070345:28:56.595983,-11.6431
1070345:28:56.604615,-11.643
1070345:28:56.614592,-11.643
1070345:28:56.671720,-11.6428
1070345:28:56.680915,-11.643
1070345:28:56.688951,-11.6429
1070345:28:56.697693,-11.6437
1070345:28:56.705703,-11.4461
1070345:28:56.715598,-11.6433
1070345:28:56.773433,-11.6435
1070345:28:56.782495,-11.6434
1070345:28:56.791531,-11.6436
1070345:28:56.800159,-11.6432
1070345:28:56.808515,-11.6433
1070345:28:56.817716,-11.6431
1070345:28:56.874602,-11.6436
1070345:28:56.883447,-11.6431
1070345:28:56.892263,-11.643
1070345:28:56.900908,-11.6427
1070345:28:56.909637,-11.6431
1070345:28:56.919069,-11.2728
1070345:28:56.975641,-11.6432
1070345:28:56.984804,-11.6429
1070345:28:56.992843,-11.643
1070345:28:57.002034,-11.643
1070345:28:57.010709,-11.6428
1070345:28:57.019904,-11.6431
1070345:28:57.077211,-11.6427
1070345:28:57.086402,-11.6427
1070345:28:57.094557,-11.6426
1070345:28:57.103503,-11.6429
1070345:28:57.111912,-11.6428
1070345:28:57.121464,-11.6426
1070345:28:57.178491,-11.6427
1070345:28:57.187690,-11.6428
1070345:28:57.196567,-11.6425
1070345:28:57.204811,-11.6426
1070345:28:57.212956,-11.6428
1070345:28:57.271465,-11.6429
1070345:28:57.280142,-11.6424
1070345:28:57.289505,-11.6428
1070345:28:57.297127,-11.6429
1070345:28:57.306511,-11.6428
1070345:28:57.315023,-11.6434
1070345:28:57.372225,-11.6437
1070345:28:57.380466,-11.4549
1070345:28:57.389820,-11.6436
1070345:28:57.398046,-11.6435
1070345:28:57.407400,-11.6133
1070345:28:57.415497,-11.4857
1070345:28:57.473321,-11.6435
1070345:28:57.482369,-11.6434
1070345:28:57.490407,-11.6433
1070345:28:57.499552,-11.6433
1070345:28:57.508687,-11.6428
1070345:28:57.517334,-11.6427
1070345:28:57.574704,-11.6426
1070345:28:57.583442,-11.6434
1070345:28:57.591780,-11.6429
1070345:28:57.600799,-11.643
1070345:28:57.610110,-11.643
1070345:28:57.618634,-10.8987
1070345:28:57.675470,-7.79081
1070345:28:57.683587,-8.45814
1070345:28:57.692971,-9.63218
1070345:28:57.701978,-10.1316
1070345:28:57.710460,-11.3708
1070345:28:57.718601,-11.5011
1070345:28:57.776501,-11.6425
1070345:28:57.784595,-11.6425
1070345:28:57.793737,-11.6426
1070345:28:57.802930,-11.6427
1070345:28:57.811971,-11.6427
1070345:28:57.820282,-11.6429
1070345:28:57.829148,-11.6426
1070345:28:57.886363,-11.6427
1070345:28:57.894468,-11.6425
1070345:28:57.903543,-11.6426
1070345:28:57.912552,-11.6431
1070345:28:57.920574,-11.6428
1070345:28:57.929622,-11.6431
1070345:28:57.986557,-11.6431
1070345:28:57.994429,-11.6429
1070345:28:58.003726,-11.643
1070345:28:58.012735,-9.18782
1070345:28:58.021721,-4.15837
1070345:28:58.030330,-2.78541
1070345:28:58.087437,-1.81426
1070345:28:58.095981,-2.25471
1070345:28:58.104691,-4.56021
1070345:28:58.113041,-9.90603
1070345:28:58.122383,-11.6426
1070345:28:58.130418,-11.6433
1070345:28:58.188626,-11.6432
1070345:28:58.197670,-11.6428
1070345:28:58.206189,-11.6427
1070345:28:58.214478,-11.6433
1070345:28:58.223613,-11.6431
1070345:28:58.232700,-11.6432
1070345:28:58.289673,-11.6425
1070345:28:58.298044,-11.6425
1070345:28:58.306302,-11.6431
1070345:28:58.315447,-11.643
1070345:28:58.324441,-11.6435
1070345:28:58.333186,-11.6435
1070345:28:58.390553,-11.6429
1070345:28:58.398448,-11.6433
1070345:28:58.407504,-11.643
1070345:28:58.416474,-11.6435
1070345:28:58.424443,-9.90232
1070345:28:58.433547,-7.95749
1070345:28:58.490631,-4.01273
1070345:28:58.499675,-3.53955
1070345:28:58.507713,-3.52988
1070345:28:58.516427,-4.78741
1070345:28:58.525411,-7.10766
1070345:28:58.534568,-7.16109
1070345:28:58.591889,-11.6433
1070345:28:58.600686,-11.6431
1070345:28:58.609154,-11.6429
1070345:28:58.617130,-11.6424
1070345:28:58.626402,-11.6426
1070345:28:58.635542,-11.6427
1070345:28:58.692627,-11.6429
1070345:28:58.701642,-11.6424
1070345:28:58.709661,-11.6425
1070345:28:58.718726,-11.6425
1070345:28:58.727769,-11.6425
1070345:28:58.736530,-11.6426
1070345:28:58.793575,-11.6427
1070345:28:58.801683,-11.6427
1070345:28:58.810699,-11.6427
1070345:28:58.819623,-11.6425
1070345:28:58.828805,-11.6425
1070345:28:58.837630,-11.6425
1070345:28:58.894031,-4.49646
1070345:28:58.902027,-6.08007
1070345:28:58.911006,-6.0523
1070345:28:58.920039,-4.7643
1070345:28:58.929178,-2.17278
1070345:28:58.937802,-1.80193
1070345:28:58.994721,-7.81299
1070345:28:59.003583,-5.18991
1070345:28:59.011827,-7.4924
1070345:28:59.020955,-10.6621
1070345:28:59.030010,-11.6431
1070345:28:59.038788,-11.6429
1070345:28:59.095240,-11.6426
1070345:28:59.103588,-11.6427
1070345:28:59.111635,-11.6426
1070345:28:59.120891,-11.6429
1070345:28:59.129910,-11.6428
1070345:28:59.138869,-11.6428
1070345:28:59.196169,-11.6428
1070345:28:59.204781,-11.6426
1070345:28:59.213361,-11.6431
1070345:28:59.222380,-11.6428
1070345:28:59.231421,-11.6431
1070345:28:59.240554,-11.643
1070345:28:59.297821,-11.6429
1070345:28:59.306510,-11.6431
1070345:28:59.315131,-11.643
1070345:28:59.323576,-11.6432
1070345:28:59.332196,-9.82842
1070345:28:59.341366,-9.8385
1070345:28:59.398776,-1.89767
1070345:28:59.407349,-3.77213
1070345:28:59.415328,-1.79686
1070345:28:59.424070,-4.39522
1070345:28:59.433046,-7.88593
1070345:28:59.442153,-3.59359
1070345:28:59.451785,-6.94274
1070345:28:59.508751,-11.6435
1070345:28:59.516915,-11.6433
1070345:28:59.526118,-11.6432
1070345:28:59.534365,-11.6429
1070345:28:59.543400,-11.6427
1070345:28:59.600813,-11.6435
1070345:28:59.608781,-11.6434
1070345:28:59.618044,-11.6429
1070345:28:59.626721,-11.6427
1070345:28:59.635439,-11.6429
1070345:28:59.644842,-11.6422
1070345:28:59.702205,-11.643
1070345:28:59.710655,-11.6431
1070345:28:59.719270,-11.6427
1070345:28:59.728285,-11.6427
1070345:28:59.736532,-11.6427
1070345:28:59.745918,-11.6427
1070345:28:59.803185,-6.13584
1070345:28:59.811779,-2.2025
1070345:28:59.820690,-4.95413
1070345:28:59.829349,-3.95296
1070345:28:59.838028,-2.80331
1070345:28:59.847253,-2.35508
1070345:28:59.904466,-6.42789
1070345:28:59.913119,-10.2036
1070345:28:59.921478,-6.5711
1070345:28:59.930446,-10.5683
1070345:28:59.939406,-11.6429
1070345:28:59.948412,-11.6432
1070345:29:00.005697,-11.6429
1070345:29:00.013567,-11.6426
1070345:29:00.022563,-11.643
1070345:29:00.031813,-11.6427
1070345:29:00.040542,-11.6429
1070345:29:00.048661,-11.6429
1070345:29:00.106053,-11.6431
1070345:29:00.114407,-11.643
1070345:29:00.122858,-11.643
1070345:29:00.131934,-11.643
1070345:29:00.140689,-11.6428
1070345:29:00.149286,-11.6432
1070345:29:00.159168,-11.6434
1070345:29:00.215565,-11.643
1070345:29:00.223601,-11.6431
1070345:29:00.231948,-11.6435
1070345:29:00.241541,-11.6439
1070345:29:00.250736,-9.83149
1070345:29:00.259985,-5.4293
1070345:29:00.318238,-2.92626
1070345:29:00.326735,-2.58115
1070345:29:00.335871,-3.25978
1070345:29:00.343911,-4.4435
1070345:29:00.353014,-8.00374
1070345:29:00.363269,-10.3967
1070345:29:00.419579,-11.6432
1070345:29:00.428423,-11.6431
1070345:29:00.436892,-11.6429
1070345:29:00.445983,-11.6431
1070345:29:00.455127,-11.6432
1070345:29:00.464128,-11.643
1070345:29:00.521278,-11.6429
1070345:29:00.529813,-11.6431
1070345:29:00.538643,-11.6431
1070345:29:00.547354,-11.6427
1070345:29:00.556735,-11.6429
1070345:29:00.565654,-11.643
1070345:29:00.623579,-11.6428
1070345:29:00.631823,-11.6428
1070345:29:00.640625,-11.6433
1070345:29:00.649691,-11.644
1070345:29:00.658898,-9.98761
1070345:29:00.667257,-5.72234
1070345:29:00.724712,-2.39325
1070345:29:00.733553,-2.41688
1070345:29:00.742671,-2.95104
1070345:29:00.751072,-3.71291
1070345:29:00.760446,-6.11325
1070345:29:00.769927,-10.1007
1070345:29:00.826602,-11.6436
1070345:29:00.834963,-11.6431
1070345:29:00.843094,-11.6431
1070345:29:00.851841,-11.6431
1070345:29:00.860846,-11.6428
1070345:29:00.870079,-11.6427
1070345:29:00.927738,-11.643
1070345:29:00.936322,-11.643
1070345:29:00.944760,-11.6429
1070345:29:00.953490,-11.6429
1070345:29:00.961727,-11.6432
1070345:29:01.019892,-11.643
1070345:29:01.028630,-11.6433
1070345:29:01.037226,-10.5905
1070345:29:01.045878,-8.42448
1070345:29:01.054467,-5.44012
1070345:29:01.063268,-4.54598
1070345:29:01.120918,-3.44614
1070345:29:01.129429,-5.13683
1070345:29:01.137954,-8.11569
1070345:29:01.146957,-11.1091
1070345:29:01.154593,-11.6428
1070345:29:01.163650,-11.6429
1070345:29:01.221721,-11.6428
1070345:29:01.230575,-11.6429
1070345:29:01.239690,-11.6428
1070345:29:01.248393,-11.6428
1070345:29:01.256927,-11.6426
1070345:29:01.265938,-11.6425
1070345:29:01.276064,-11.6437
1070345:29:01.332686,-11.6427
1070345:29:01.341319,-11.6432
1070345:29:01.350028,-11.6436
1070345:29:01.358462,-11.6434
1070345:29:01.367465,-11.6437
1070345:29:01.376678,-11.6439
1070345:29:01.433556,-2.5336
1070345:29:01.442310,-2.20041
1070345:29:01.450732,-2.65453
1070345:29:01.459706,-3.11753
1070345:29:01.467510,-3.08746
1070345:29:01.477154,-6.04302
1070345:29:01.533638,-11.6437
1070345:29:01.542882,-11.6438
1070345:29:01.551416,-11.6434
1070345:29:01.560151,-11.6436
1070345:29:01.567720,-11.643
1070345:29:01.577102,-11.6427
1070345:29:01.634576,-11.6433
1070345:29:01.642724,-11.6431
1070345:29:01.651452,-11.6434
1070345:29:01.660075,-11.6432
1070345:29:01.668658,-11.643
1070345:29:01.677986,-11.643
1070345:29:01.734812,-11.6436
1070345:29:01.743876,-9.6068
1070345:29:01.752965,-4.95829
1070345:29:01.761614,-4.37808
1070345:29:01.770577,-3.78423
1070345:29:01.779774,-2.96418
1070345:29:01.836752,-8.45799
1070345:29:01.845397,-11.6431
1070345:29:01.854284,-11.643
1070345:29:01.863004,-11.643
1070345:29:01.871577,-11.6428
1070345:29:01.880585,-11.643
1070345:29:01.938003,-11.643
1070345:29:01.946659,-11.6427
1070345:29:01.955331,-11.643
1070345:29:01.963595,-11.6431
1070345:29:01.972117,-11.6432
1070345:29:01.981376,-11.6433
1070345:29:02.038589,-11.643
1070345:29:02.047176,-11.643
1070345:29:02.055776,-11.643
1070345:29:02.063901,-11.6433
1070345:29:02.073322,-11.6434
1070345:29:02.082112,-11.6432
1070345:29:02.139111,-2.49739
1070345:29:02.148124,-1.60659
1070345:29:02.156457,-1.53486
1070345:29:02.164866,-3.27113
1070345:29:02.173617,-4.15527
1070345:29:02.182408,-5.27679
1070345:29:02.240109,-11.6427
1070345:29:02.249177,-11.6432
1070345:29:02.257277,-11.6427
1070345:29:02.265725,-11.6431
1070345:29:02.274737,-11.643
1070345:29:02.283458,-11.6428
1070345:29:02.340887,-11.6427
1070345:29:02.349527,-11.6432
1070345:29:02.358192,-11.6428
1070345:29:02.366151,-11.6433
1070345:29:02.374743,-11.6436
1070345:29:02.383427,-11.6436
1070345:29:02.442194,-7.87431
1070345:29:02.450918,-5.38187
1070345:29:02.459847,-3.31153
1070345:29:02.467873,-3.75506
1070345:29:02.477057,-2.11181
1070345:29:02.485461,-1.99216
1070345:29:02.542326,-11.6434
1070345:29:02.551330,-11.6438
1070345:29:02.559293,-11.6439
1070345:29:02.568322,-11.6435
1070345:29:02.576924,-11.644
1070345:29:02.585515,-11.6433
1070345:29:02.642887,-11.6434
1070345:29:02.651981,-11.6432
1070345:29:02.660062,-11.6437
1070345:29:02.668868,-11.6426
1070345:29:02.678252,-11.643
1070345:29:02.686483,-11.6432
1070345:29:02.744041,-11.6437
1070345:29:02.753102,-11.541
1070345:29:02.762170,-9.06058
1070345:29:02.770350,-7.90387
1070345:29:02.779813,-5.64966
1070345:29:02.788480,-3.22123
1070345:29:02.845537,-9.97154
1070345:29:02.854636,-11.6437
1070345:29:02.862632,-11.6433
1070345:29:02.871667,-11.643
1070345:29:02.879717,-11.6426
1070345:29:02.888674,-11.6428
1070345:29:02.945941,-11.6428
1070345:29:02.954643,-11.6429
1070345:29:02.963633,-11.6432
1070345:29:02.972666,-11.6428
1070345:29:02.980709,-11.6426
1070345:29:02.989902,-11.643
1070345:29:03.047295,-11.6427
1070345:29:03.056460,-11.6428
1070345:29:03.064456,-11.6429
1070345:29:03.073610,-11.6433
1070345:29:03.081723,-11.6435
1070345:29:03.090679,-8.51899
1070345:29:03.147704,-2.8828
1070345:29:03.155656,-5.37638
1070345:29:03.165288,-8.07074
1070345:29:03.173655,-9.55401
1070345:29:03.182476,-10.9238
1070345:29:03.191161,-11.6431
1070345:29:03.248183,-11.643
1070345:29:03.256736,-11.6428
1070345:29:03.265493,-11.6431
1070345:29:03.274771,-11.6431
1070345:29:03.283566,-11.6427
1070345:29:03.292454,-11.643
1070345:29:03.349994,-11.6429
1070345:29:03.358114,-11.643
1070345:29:03.367597,-11.6436
1070345:29:03.376245,-11.6438
1070345:29:03.384902,-11.6436
1070345:29:03.392952,-11.6438
1070345:29:03.450520,-1.82956
1070345:29:03.459178,-2.38425
1070345:29:03.468111,-1.89272
1070345:29:03.476975,-2.53072
1070345:29:03.485431,-4.04799
1070345:29:03.494579,-6.86038
1070345:29:03.551609,-11.6433
1070345:29:03.560310,-11.6437
1070345:29:03.569574,-11.6436
1070345:29:03.577561,-11.643
1070345:29:03.586726,-11.643
1070345:29:03.594666,-11.6429
1070345:29:03.604693,-11.643
1070345:29:03.661467,-11.6428
1070345:29:03.670049,-11.6429
1070345:29:03.679265,-11.643
1070345:29:03.687825,-11.6429
1070345:29:03.696652,-11.643
1070345:29:03.706472,-11.6433
1070345:29:03.762944,-5.16115
1070345:29:03.771111,-3.59906
1070345:29:03.780147,-2.67035
1070345:29:03.789215,-1.99763
1070345:29:03.798091,-1.83689
1070345:29:03.855681,-2.10589
1070345:29:03.864606,-11.643
1070345:29:03.872405,-11.6428
1070345:29:03.881595,-11.6431
1070345:29:03.890625,-11.643
1070345:29:03.899835,-11.6428
1070345:29:03.957150,-11.6428
1070345:29:03.966047,-11.6428
1070345:29:03.974861,-11.6431
1070345:29:03.983058,-11.6431
1070345:29:03.992105,-11.6427
1070345:29:04.001123,-11.6434
1070345:29:04.058311,-11.643
1070345:29:04.066542,-11.643
1070345:29:04.075114,-11.6433
1070345:29:04.084229,-11.6439
1070345:29:04.093061,-11.6437
1070345:29:04.100996,-8.85557
1070345:29:04.110771,-6.32762
1070345:29:04.167941,-6.75537
1070345:29:04.175931,-8.39703
1070345:29:04.185739,-7.1545
1070345:29:04.194650,-10.1772
1070345:29:04.202885,-11.6431
1070345:29:04.212039,-11.6427
1070345:29:04.269031,-11.6435
1070345:29:04.277591,-11.6437
1070345:29:04.286317,-11.6433
1070345:29:04.295630,-11.6427
1070345:29:04.303907,-11.6428
1070345:29:04.313157,-11.643
1070345:29:04.370077,-11.643
1070345:29:04.378811,-11.6428
1070345:29:04.386399,-11.6431
1070345:29:04.396454,-11.6428
1070345:29:04.404499,-11.6431
1070345:29:04.413633,-11.6431
1070345:29:04.471076,-7.08677
1070345:29:04.479667,-3.73692
1070345:29:04.488171,-2.50024
1070345:29:04.497253,-2.26333
1070345:29:04.506106,-2.26014
1070345:29:04.515225,-2.42392
1070345:29:04.572243,-11.643
1070345:29:04.581203,-11.6431
1070345:29:04.589270,-11.643
1070345:29:04.598668,-11.6427
1070345:29:04.607434,-11.643
1070345:29:04.616445,-11.643
1070345:29:04.673499,-11.643
1070345:29:04.682507,-11.6432
1070345:29:04.691103,-11.6432
1070345:29:04.700112,-11.6429
1070345:29:04.708450,-11.6429
1070345:29:04.716552,-11.643
1070345:29:04.773350,-11.643
1070345:29:04.782494,-11.6429
1070345:29:04.791831,-11.6428
1070345:29:04.800912,-11.6134
1070345:29:04.809465,-9.66794
1070345:29:04.818264,-4.96055
1070345:29:04.875387,-2.23149
1070345:29:04.883583,-3.62361
1070345:29:04.892610,-4.48422
1070345:29:04.901646,-7.07754
1070345:29:04.909665,-8.96747
1070345:29:04.918640,-11.035
1070345:29:04.976422,-11.6428
1070345:29:04.984737,-11.6434
1070345:29:04.993576,-11.6433
1070345:29:05.001721,-11.6433
1070345:29:05.010728,-11.6434
1070345:29:05.019705,-11.6439
1070345:29:05.076510,-11.6436
1070345:29:05.084641,-11.6437
1070345:29:05.092721,-11.6435
1070345:29:05.101967,-11.6434
1070345:29:05.110973,-11.6437
1070345:29:05.119554,-11.6435
1070345:29:05.175641,-10.9905
1070345:29:05.184457,-8.05518
1070345:29:05.193153,-6.28489
1070345:29:05.202169,-5.33273
1070345:29:05.211192,-2.1141
1070345:29:05.219748,-2.13035
1070345:29:05.278072,-8.09308
1070345:29:05.286815,-9.14192
1070345:29:05.295403,-10.6426
1070345:29:05.303484,-11.6431
1070345:29:05.313239,-11.6431
1070345:29:05.321458,-11.6432
1070345:29:05.377794,-11.6431
1070345:29:05.386770,-11.6427
1070345:29:05.394748,-11.6431
1070345:29:05.403726,-11.6431
1070345:29:05.411703,-11.6429
1070345:29:05.421681,-11.6427
1070345:29:05.479268,-11.6429
1070345:29:05.487637,-11.6427
1070345:29:05.496553,-11.6429
1070345:29:05.504180,-11.6432
1070345:29:05.513695,-11.643
1070345:29:05.521954,-11.6431
1070345:29:05.579920,-4.33303
1070345:29:05.587987,-2.86436
1070345:29:05.596962,-2.60132
1070345:29:05.605942,-2.0611
1070345:29:05.613724,-2.73409
1070345:29:05.622771,-3.41504
1070345:29:05.679689,-11.6428
1070345:29:05.688676,-11.6431
1070345:29:05.697722,-11.643
1070345:29:05.705617,-11.6429
1070345:29:05.714630,-11.6428
1070345:29:05.723212,-11.643
1070345:29:05.781367,-11.6428
1070345:29:05.789244,-11.643
1070345:29:05.798470,-11.6428
1070345:29:05.806658,-11.6429
1070345:29:05.815930,-11.643
1070345:29:05.824578,-11.6431
1070345:29:05.882595,-11.6427
1070345:29:05.891056,-11.6433
1070345:29:05.899361,-11.643
1070345:29:05.908459,-11.643
1070345:29:05.916727,-11.6432
1070345:29:05.925721,-8.67086
1070345:29:05.935738,-5.55242
1070345:29:05.992851,-4.22431
1070345:29:06.001449,-4.97181
1070345:29:06.009959,-5.78586
1070345:29:06.018740,-7.83287
1070345:29:06.028026,-11.6442
1070345:29:06.084785,-11.6427
1070345:29:06.093646,-11.6435
1070345:29:06.102397,-11.6434
1070345:29:06.111148,-11.6433
1070345:29:06.119433,-11.6436
1070345:29:06.128634,-11.6434
1070345:29:06.138619,-11.6428
1070345:29:06.195078,-11.6438
1070345:29:06.203605,-11.6433
1070345:29:06.211811,-11.6431
1070345:29:06.220779,-11.6432
1070345:29:06.229375,-11.6428
1070345:29:06.238512,-11.6432
1070345:29:06.295826,-8.49595
1070345:29:06.304494,-4.12765
1070345:29:06.312850,-3.62928
1070345:29:06.321889,-2.66839
1070345:29:06.330972,-3.47543
1070345:29:06.389113,-7.8651
1070345:29:06.397854,-11.6432
1070345:29:06.406497,-11.643
1070345:29:06.415470,-11.6426
1070345:29:06.423619,-11.6431
1070345:29:06.432590,-11.6429
1070345:29:06.490109,-11.643
1070345:29:06.498765,-11.6432
1070345:29:06.507505,-11.643
1070345:29:06.516149,-11.6428
1070345:29:06.524722,-11.6431
1070345:29:06.533458,-11.6429
1070345:29:06.590957,-11.6431
1070345:29:06.599658,-11.643
1070345:29:06.607603,-11.6432
1070345:29:06.616815,-11.6431
1070345:29:06.625841,-9.86449
1070345:29:06.633704,-8.71669
1070345:29:06.692005,-10.7272
1070345:29:06.701146,-6.39086
1070345:29:06.709394,-11.3322
1070345:29:06.718448,-11.6434
1070345:29:06.726651,-10.002
1070345:29:06.735616,-11.6435
1070345:29:06.793613,-11.6435
1070345:29:06.802642,-11.6434
1070345:29:06.810683,-11.6437
1070345:29:06.819884,-11.6434
1070345:29:06.827927,-11.6436
1070345:29:06.836937,-11.6432
1070345:29:06.894771,-11.6429
1070345:29:06.904501,-11.6431
1070345:29:06.912745,-11.6429
1070345:29:06.921840,-11.6431
1070345:29:06.929743,-11.643
1070345:29:06.938777,-11.643
1070345:29:06.948426,-11.6428
1070345:29:07.005605,-6.52163
1070345:29:07.013637,-6.49215
1070345:29:07.022908,-4.4107
1070345:29:07.032104,-2.44278
1070345:29:07.040106,-1.75659
1070345:29:07.096952,-1.86952
1070345:29:07.106618,-10.5995
1070345:29:07.115853,-11.6435
1070345:29:07.123943,-11.6431
1070345:29:07.133053,-11.6431
1070345:29:07.141816,-11.6433
1070345:29:07.150751,-11.6431
1070345:29:07.207899,-11.6429
1070345:29:07.216601,-11.643
1070345:29:07.225247,-11.6428
1070345:29:07.233698,-11.6427
1070345:29:07.241935,-11.6429
1070345:29:07.249912,-11.6427
1070345:29:07.308959,-11.6429
1070345:29:07.317101,-11.6433
1070345:29:07.325397,-11.6432
1070345:29:07.334610,-11.6435
1070345:29:07.342589,-11.6433
1070345:29:07.351510,-11.6433
1070345:29:07.409351,-11.6431
1070345:29:07.418361,-11.6432
1070345:29:07.426531,-11.6428
1070345:29:07.435506,-11.6439
1070345:29:07.443569,-11.6439
1070345:29:07.452617,-11.6434
1070345:29:07.511034,-11.6429
1070345:29:07.519651,-11.6435
1070345:29:07.528434,-11.6434
1070345:29:07.537210,-11.6436
1070345:29:07.545759,-11.6432
1070345:29:07.553722,-11.6431
1070345:29:07.611047,-4.73007
1070345:29:07.620083,-3.80776
1070345:29:07.628289,-1.99063
1070345:29:07.637301,-1.82436
1070345:29:07.645526,-1.7829
1070345:29:07.654702,-2.66203
1070345:29:07.711843,-11.6435
1070345:29:07.720852,-11.6437
1070345:29:07.729130,-11.6431
1070345:29:07.738205,-11.6429
1070345:29:07.746253,-11.6429
1070345:29:07.755527,-11.6432
1070345:29:07.813311,-11.6432
1070345:29:07.822436,-11.6428
1070345:29:07.831142,-11.6433
1070345:29:07.839154,-11.6427
1070345:29:07.848302,-11.6432
1070345:29:07.856894,-11.643
1070345:29:07.913662,-11.643
1070345:29:07.922849,-11.6434
1070345:29:07.930851,-11.643
1070345:29:07.940179,-11.6431
1070345:29:07.948184,-10.2867
1070345:29:07.957244,-7.18031
1070345:29:08.014698,-1.95317
1070345:29:08.023670,-2.10593
1070345:29:08.032362,-4.22571
1070345:29:08.040850,-4.73674
1070345:29:08.049850,-6.48335
1070345:29:08.058264,-10.4185
1070345:29:08.115294,-11.6428
1070345:29:08.123661,-11.6433
1070345:29:08.132413,-11.6427
1070345:29:08.141450,-11.643
1070345:29:08.150365,-11.6429
1070345:29:08.159208,-11.6427
1070345:29:08.216001,-11.6431
1070345:29:08.224739,-11.6434
1070345:29:08.232889,-11.6431
1070345:29:08.241561,-11.6429
1070345:29:08.250772,-11.6429
1070345:29:08.259826,-11.6428
1070345:29:08.317283,-11.6432
1070345:29:08.326450,-11.6436
1070345:29:08.334856,-8.21589
1070345:29:08.343470,-7.3648
1070345:29:08.352246,-7.57415
1070345:29:08.360853,-6.59709
1070345:29:08.417854,-11.6433
1070345:29:08.426898,-11.6429
1070345:29:08.435145,-11.6438
1070345:29:08.444685,-11.6438
1070345:29:08.452908,-11.6439
1070345:29:08.461965,-11.6437
1070345:29:08.518322,-11.6433
1070345:29:08.526505,-11.6432
1070345:29:08.536107,-11.6435
1070345:29:08.544753,-11.6437
1070345:29:08.553539,-11.6437
1070345:29:08.562422,-11.6436
1070345:29:08.619485,-11.6433
1070345:29:08.628254,-11.6435
1070345:29:08.636795,-11.6439
1070345:29:08.645882,-11.644
1070345:29:08.653575,-11.6438
1070345:29:08.662819,-11.6437
1070345:29:08.719722,-5.01871
1070345:29:08.728573,-6.23206
1070345:29:08.736799,-7.44637
1070345:29:08.745972,-9.01174
1070345:29:08.754745,-11.4932
1070345:29:08.763578,-11.643
1070345:29:08.821239,-11.6438
1070345:29:08.829758,-11.643
1070345:29:08.839112,-11.6429
1070345:29:08.847657,-11.643
1070345:29:08.856235,-11.6433
1070345:29:08.864697,-11.6431
1070345:29:08.921561,-11.6432
1070345:29:08.930625,-11.6428
1070345:29:08.939206,-11.6431
1070345:29:08.948389,-11.6431
1070345:29:08.956749,-11.6435
1070345:29:08.965916,-11.6433
1070345:29:09.022531,-2.77469
1070345:29:09.031141,-2.39887
1070345:29:09.039142,-2.47935
1070345:29:09.048125,-2.88086
1070345:29:09.056848,-3.95048
1070345:29:09.065876,-3.75048
1070345:29:09.123698,-11.6429
1070345:29:09.132263,-11.6432
1070345:29:09.140338,-11.6429
1070345:29:09.150481,-11.6432
1070345:29:09.159001,-11.6432
1070345:29:09.167827,-11.6431
1070345:29:09.223649,-11.6432
1070345:29:09.232861,-11.6431
1070345:29:09.241272,-11.6432
1070345:29:09.250385,-11.6427
1070345:29:09.258565,-11.643
1070345:29:09.267519,-11.6433
1070345:29:09.277878,-11.6431
1070345:29:09.333478,-11.643
1070345:29:09.342728,-11.6432
1070345:29:09.352222,-7.73024
1070345:29:09.360686,-5.79145
1070345:29:09.369457,-6.15909
1070345:29:09.378665,-4.43146
1070345:29:09.435689,-6.4584
1070345:29:09.444989,-9.4968
1070345:29:09.453515,-11.6438
1070345:29:09.462541,-11.6438
1070345:29:09.471558,-11.6437
1070345:29:09.481278,-11.643
1070345:29:09.537507,-11.6437
1070345:29:09.546654,-11.6434
1070345:29:09.555747,-11.643
1070345:29:09.563697,-11.6429
1070345:29:09.572235,-11.6427
1070345:29:09.582625,-11.6428
1070345:29:09.638869,-11.643
1070345:29:09.646877,-11.6431
1070345:29:09.656192,-11.6431
1070345:29:09.664910,-11.6432
1070345:29:09.673388,-11.6431
1070345:29:09.731107,-11.6431
1070345:29:09.740123,-1.5222
1070345:29:09.748295,-1.5298
1070345:29:09.757317,-2.05464
1070345:29:09.765506,-3.78493
1070345:29:09.774581,-5.68949
1070345:29:09.832483,-5.88811
1070345:29:09.841021,-11.6428
1070345:29:09.848999,-11.6426
1070345:29:09.858029,-11.6432
1070345:29:09.867546,-11.6431
1070345:29:09.875568,-11.6427
1070345:29:09.933517,-11.643
1070345:29:09.942279,-11.6432
1070345:29:09.950931,-11.6431
1070345:29:09.959589,-11.6431
1070345:29:09.968575,-11.643
1070345:29:09.977317,-11.6432
1070345:29:09.986727,-11.643
1070345:29:10.043485,-2.8435
1070345:29:10.052691,-1.26913
1070345:29:10.060725,-1.16172
1070345:29:10.069761,-1.37689
1070345:29:10.077720,-3.15874
1070345:29:10.135852,-7.36585
1070345:29:10.144804,-11.6436
1070345:29:10.152932,-11.6437
1070345:29:10.162185,-11.6434
1070345:29:10.171370,-11.6436
1070345:29:10.180072,-11.6433
1070345:29:10.188634,-11.6429
1070345:29:10.245813,-11.6438
1070345:29:10.254690,-11.6436
1070345:29:10.262665,-11.6437
1070345:29:10.271789,-11.6432
1070345:29:10.280418,-11.6432
1070345:29:10.289386,-11.643
1070345:29:10.347169,-1.28132
1070345:29:10.355688,-2.84599
1070345:29:10.363681,-6.90618
1070345:29:10.372668,-8.32201
1070345:29:10.381872,-11.6431
1070345:29:10.389416,-11.6431
1070345:29:10.399815,-11.643
1070345:29:10.456359,-11.6429
1070345:29:10.464638,-11.6432
1070345:29:10.473560,-11.6432
1070345:29:10.481759,-11.643
1070345:29:10.491097,-11.6431
1070345:29:10.500339,-11.6431
1070345:29:10.557309,-11.6433
1070345:29:10.565963,-11.6431
1070345:29:10.574126,-11.6433
1070345:29:10.583365,-11.6435
1070345:29:10.592371,-11.6424
1070345:29:10.601591,-7.97852
1070345:29:10.659198,-4.02614
1070345:29:10.667822,-6.71035
1070345:29:10.676490,-9.39821
1070345:29:10.685046,-11.6436
1070345:29:10.693984,-11.6428
1070345:29:10.703815,-11.6439
1070345:29:10.761161,-11.643
1070345:29:10.769658,-11.6432
1070345:29:10.778457,-11.644
1070345:29:10.787694,-11.6437
1070345:29:10.795766,-11.6437
1070345:29:10.806053,-11.6431
1070345:29:10.862863,-11.6437
1070345:29:10.871555,-11.6438
1070345:29:10.879986,-11.6439
1070345:29:10.888757,-11.6429
1070345:29:10.897708,-11.643
1070345:29:10.906594,-11.6435
1070345:29:10.964695,-1.90912
1070345:29:10.973492,-1.78457
1070345:29:10.982018,-1.52415
1070345:29:10.990056,-1.56283
1070345:29:10.999408,-1.73752
1070345:29:11.008362,-3.9885
1070345:29:11.065929,-11.6432
1070345:29:11.073522,-11.6432
1070345:29:11.082578,-11.6435
1070345:29:11.091511,-11.643
1070345:29:11.100595,-11.6433
1070345:29:11.110060,-11.6432
1070345:29:11.166781,-11.6432
1070345:29:11.175544,-11.6431
1070345:29:11.184333,-11.6433
1070345:29:11.193349,-11.6431
1070345:29:11.202166,-11.6434
1070345:29:11.211213,-11.6434
1070345:29:11.268844,-11.6433
1070345:29:11.277903,-11.6433
1070345:29:11.286579,-11.6433
1070345:29:11.295648,-11.6435
1070345:29:11.303826,-10.4658
1070345:29:11.312937,-5.90517
1070345:29:11.370386,-1.49143
1070345:29:11.379144,-1.59656
1070345:29:11.386973,-1.65576
1070345:29:11.397149,-4.31753
1070345:29:11.405155,-7.79407
1070345:29:11.415093,-8.709
1070345:29:11.471482,-11.6437
1070345:29:11.480836,-11.6435
1070345:29:11.489358,-11.6431
1070345:29:11.498507,-11.6433
1070345:29:11.506898,-11.6433
1070345:29:11.564514,-11.6431
1070345:29:11.573212,-11.6432
1070345:29:11.581086,-11.6431
1070345:29:11.589867,-11.6429
1070345:29:11.599653,-11.6433
1070345:29:11.608118,-11.6429
1070345:29:11.665359,-11.643
1070345:29:11.673466,-9.58126
1070345:29:11.682662,-5.63339
1070345:29:11.690670,-4.95536
1070345:29:11.699915,-5.52637
1070345:29:11.708185,-3.52471
1070345:29:11.766218,-1.37505
1070345:29:11.774776,-8.27654
1070345:29:11.783362,-8.49507
1070345:29:11.792152,-10.9094
1070345:29:11.800627,-11.6431
1070345:29:11.809634,-11.6432
1070345:29:11.866731,-11.6432
1070345:29:11.874834,-11.6435
1070345:29:11.883505,-11.6431
1070345:29:11.892558,-11.6435
1070345:29:11.900567,-11.6434
1070345:29:11.909602,-11.6431
1070345:29:11.918723,-11.643
1070345:29:11.975707,-11.6432
1070345:29:11.983713,-11.6432
1070345:29:11.992382,-11.6432
1070345:29:12.001194,-11.6431
1070345:29:12.010500,-11.6434
1070345:29:12.019323,-11.6436
1070345:29:12.076067,-1.20286
1070345:29:12.084815,-1.84707
1070345:29:12.092786,-2.96392
1070345:29:12.101832,-4.13065
1070345:29:12.110712,-5.93417
1070345:29:12.120018,-8.38056
1070345:29:12.177576,-11.6432
1070345:29:12.186255,-11.6434
1070345:29:12.194649,-11.6434
1070345:29:12.203545,-11.6435
1070345:29:12.212578,-11.6439
1070345:29:12.221651,-11.6438
1070345:29:12.278282,-11.6431
1070345:29:12.287332,-11.6433
1070345:29:12.295091,-11.6438
1070345:29:12.304731,-11.644
1070345:29:12.312957,-11.6439
1070345:29:12.322165,-11.6438
1070345:29:12.380025,-2.04878
1070345:29:12.388465,-1.87976
1070345:29:12.397058,-1.56195
1070345:29:12.406097,-2.22394
1070345:29:12.414022,-3.05287
1070345:29:12.423995,-5.55865
1070345:29:12.480855,-11.6432
1070345:29:12.489437,-11.6434
1070345:29:12.498105,-11.643
1070345:29:12.506836,-11.6429
1070345:29:12.515315,-11.643
1070345:29:12.523747,-11.6433
1070345:29:12.534329,-11.6429
1070345:29:12.590830,-11.6433
1070345:29:12.599494,-11.6435
1070345:29:12.608222,-11.643
1070345:29:12.616912,-11.6434
1070345:29:12.625951,-11.6432
1070345:29:12.635002,-11.6431
1070345:29:12.692680,-4.78529
1070345:29:12.701112,-4.14287
1070345:29:12.710065,-2.7324
1070345:29:12.718704,-1.859
1070345:29:12.727380,-2.24817
1070345:29:12.784769,-11.6433
1070345:29:12.793708,-11.6434
1070345:29:12.801961,-11.6434
1070345:29:12.810915,-11.643
1070345:29:12.819861,-11.6431
1070345:29:12.828877,-11.6431
1070345:29:12.886301,-11.6431
1070345:29:12.894839,-11.6431
1070345:29:12.903519,-11.6432
1070345:29:12.911767,-11.6432
1070345:29:12.920949,-11.6436
1070345:29:12.930062,-11.6437
1070345:29:12.986666,-11.6434
1070345:29:12.994582,-11.6433
1070345:29:13.003543,-11.6435
1070345:29:13.012243,-11.6439
1070345:29:13.020967,-11.6441
1070345:29:13.029667,-11.6438
1070345:29:13.039868,-7.46627
1070345:29:13.096573,-2.71311
1070345:29:13.104883,-4.3509
1070345:29:13.113342,-5.29301
1070345:29:13.121320,-6.75066
1070345:29:13.130301,-9.6974
1070345:29:13.140270,-11.6437
1070345:29:13.197943,-11.6436
1070345:29:13.206602,-11.6432
1070345:29:13.215355,-11.6431
1070345:29:13.223713,-11.6432
1070345:29:13.231751,-11.6429
1070345:29:13.241727,-11.6432
1070345:29:13.299279,-11.643
1070345:29:13.307011,-11.643
1070345:29:13.316225,-11.643
1070345:29:13.324619,-11.6431
1070345:29:13.332640,-11.6432
1070345:29:13.390893,-11.6432
1070345:29:13.399439,-9.45553
1070345:29:13.408160,-6.27729
1070345:29:13.416774,-5.01589
1070345:29:13.425377,-4.6462
1070345:29:13.433839,-4.83198
1070345:29:13.443161,-2.56671
1070345:29:13.500574,-6.22643
1070345:29:13.509409,-7.73682
1070345:29:13.518112,-8.83922
1070345:29:13.526675,-9.69807
1070345:29:13.535392,-11.6434
1070345:29:13.543050,-11.6434
1070345:29:13.601548,-11.6434
1070345:29:13.610544,-11.6432
1070345:29:13.618338,-11.6431
1070345:29:13.627369,-11.6431
1070345:29:13.636254,-11.6432
1070345:29:13.644681,-11.643
1070345:29:13.654784,-11.6438
1070345:29:13.711693,-11.6435
1070345:29:13.720383,-11.6433
1070345:29:13.728337,-11.6431
1070345:29:13.737227,-11.6437
1070345:29:13.745558,-11.6438
1070345:29:13.755723,-11.6439
1070345:29:13.813721,-6.11935
1070345:29:13.822929,-5.72361
1070345:29:13.831674,-4.08023
1070345:29:13.840312,-2.52718
1070345:29:13.849009,-1.7906
1070345:29:13.859063,-1.30552
1070345:29:13.914863,-8.55462
1070345:29:13.923662,-10.049
1070345:29:13.932698,-9.58768
1070345:29:13.941963,-11.6437
1070345:29:13.950002,-11.6433
1070345:29:13.959957,-11.6431
1070345:29:14.016785,-11.6435
1070345:29:14.025613,-11.6433
1070345:29:14.034540,-11.643
1070345:29:14.042382,-11.6432
1070345:29:14.051527,-11.6431
1070345:29:14.061352,-11.6435
1070345:29:14.118534,-11.6432
1070345:29:14.127578,-11.6433
1070345:29:14.135198,-11.6436
1070345:29:14.144608,-11.643
1070345:29:14.152989,-11.6432
1070345:29:14.210853,-11.6433
1070345:29:14.219577,-11.0088
1070345:29:14.228195,-7.5764
1070345:29:14.237069,-6.52528
1070345:29:14.245445,-6.02171
1070345:29:14.254570,-3.79352
1070345:29:14.262846,-2.93202
1070345:29:14.321123,-3.58181
1070345:29:14.329642,-6.46068
1070345:29:14.338475,-7.33275
1070345:29:14.347266,-8.40434
1070345:29:14.355825,-11.0794
1070345:29:14.365191,-11.6441
1070345:29:14.421483,-11.6438
1070345:29:14.430535,-11.6435
1070345:29:14.438555,-11.6441
1070345:29:14.447631,-11.6442
1070345:29:14.455657,-11.644
1070345:29:14.464647,-11.6435
1070345:29:14.522758,-11.6436
1070345:29:14.531353,-11.644
1070345:29:14.539693,-11.6434
1070345:29:14.547909,-11.6434
1070345:29:14.557086,-11.643
1070345:29:14.565787,-11.6429
1070345:29:14.622189,-11.6441
1070345:29:14.631284,-11.6432
1070345:29:14.640270,-11.6434
1070345:29:14.648970,-11.6432
1070345:29:14.657675,-11.643
1070345:29:14.666251,-11.6433
1070345:29:14.723728,-11.6436
1070345:29:14.732929,-11.6432
1070345:29:14.741006,-11.6432
1070345:29:14.750478,-11.1087
1070345:29:14.759054,-9.12423
1070345:29:14.767805,-8.25719
1070345:29:14.825565,-3.10493
1070345:29:14.833727,-2.96014
1070345:29:14.842719,-2.46158
1070345:29:14.850625,-1.99898
1070345:29:14.859614,-1.89305
1070345:29:14.868805,-1.86546
1070345:29:14.927602,-3.96905
1070345:29:14.936067,-5.43782
1070345:29:14.943997,-7.60569
1070345:29:14.953247,-6.43004
1070345:29:14.961102,-6.90806
1070345:29:14.970381,-10.1508
1070345:29:15.027678,-11.6433
1070345:29:15.036698,-11.643
1070345:29:15.044805,-11.6434
1070345:29:15.053648,-11.6431
1070345:29:15.062305,-11.6433
1070345:29:15.071488,-11.6436
1070345:29:15.128139,-11.6433
1070345:29:15.137239,-11.6433
1070345:29:15.145584,-11.6435
1070345:29:15.154020,-11.6434
1070345:29:15.162259,-11.644
1070345:29:15.171547,-11.6439
1070345:29:15.181739,-11.6439
1070345:29:15.239442,-11.6438
1070345:29:15.248506,-11.6435
1070345:29:15.256326,-11.6432
1070345:29:15.265028,-11.6431
1070345:29:15.273763,-11.643
1070345:29:15.283005,-11.643
1070345:29:15.341400,-11.6432
1070345:29:15.350110,-11.6432
1070345:29:15.358403,-11.643
1070345:29:15.367619,-11.6434
1070345:29:15.375834,-11.6434
1070345:29:15.385341,-11.6433
1070345:29:15.442953,-6.49146
1070345:29:15.451973,-4.85574
1070345:29:15.459995,-4.28012
1070345:29:15.469168,-3.39108
1070345:29:15.477936,-3.05337
1070345:29:15.487168,-1.9382
1070345:29:15.544720,-9.38906
1070345:29:15.553465,-9.95085
1070345:29:15.561423,-11.2758
1070345:29:15.570432,-11.6435
1070345:29:15.579457,-11.643
1070345:29:15.588695,-11.6436
1070345:29:15.646358,-11.6431
1070345:29:15.654511,-11.6438
1070345:29:15.662629,-11.6433
1070345:29:15.671877,-11.6437
1070345:29:15.680425,-11.6437
1070345:29:15.737824,-11.6437
1070345:29:15.746994,-11.6433
1070345:29:15.755236,-11.6435
1070345:29:15.763524,-11.6438
1070345:29:15.772693,-11.644
1070345:29:15.781549,-11.6439
1070345:29:15.839018,-11.6436
1070345:29:15.848031,-8.68158
1070345:29:15.855929,-5.32978
1070345:29:15.864906,-2.88751
1070345:29:15.873563,-1.93265
1070345:29:15.882558,-1.59987
1070345:29:15.891186,-1.37921
1070345:29:15.949306,-7.9331
1070345:29:15.958235,-11.6433
1070345:29:15.966517,-11.6431
1070345:29:15.975515,-11.6432
1070345:29:15.983619,-11.643
1070345:29:15.992579,-11.6429
1070345:29:16.049751,-11.643
1070345:29:16.058162,-11.643
1070345:29:16.067120,-11.6433
1070345:29:16.076159,-11.6431
1070345:29:16.084096,-11.6431
1070345:29:16.092836,-11.6433
1070345:29:16.149089,-11.643
1070345:29:16.158334,-11.6434
1070345:29:16.167807,-11.6432
1070345:29:16.176512,-11.6431
1070345:29:16.185009,-11.6433
1070345:29:16.193635,-11.6434
1070345:29:16.250293,-3.16562
1070345:29:16.259395,-1.44429
1070345:29:16.267658,-1.22993
1070345:29:16.276992,-1.2598
1070345:29:16.285486,-1.83212
1070345:29:16.293766,-3.30505
1070345:29:16.352352,-11.6433
1070345:29:16.361157,-11.6436
1070345:29:16.369784,-11.643
1070345:29:16.377801,-11.643
1070345:29:16.387374,-11.6432
1070345:29:16.395358,-11.6434
1070345:29:16.452556,-11.6428
1070345:29:16.461569,-11.6431
1070345:29:16.469590,-11.6429
1070345:29:16.478698,-11.6431
1070345:29:16.487316,-11.6432
1070345:29:16.496323,-11.6429
1070345:29:16.553736,-11.6428
1070345:29:16.562918,-11.6434
1070345:29:16.570915,-11.6432
1070345:29:16.580201,-11.0604
1070345:29:16.587773,-10.5546
1070345:29:16.597063,-8.67756
1070345:29:16.654755,-1.33107
1070345:29:16.663601,-2.36279
1070345:29:16.671615,-4.38916
1070345:29:16.680604,-6.04863
1070345:29:16.690022,-7.5325
1070345:29:16.698657,-10.03
1070345:29:16.755783,-11.6437
1070345:29:16.763731,-11.6436
1070345:29:16.773017,-11.6438
1070345:29:16.781092,-11.6437
1070345:29:16.790704,-11.6434
1070345:29:16.799493,-11.6433
1070345:29:16.856910,-11.6436
1070345:29:16.865015,-11.6437
1070345:29:16.874125,-11.6431
1070345:29:16.883168,-11.6432
1070345:29:16.891822,-11.6433
1070345:29:16.900833,-11.6433
1070345:29:16.957505,-10.1692
1070345:29:16.966238,-8.23075
1070345:29:16.974610,-9.23729
1070345:29:16.983685,-5.97284
1070345:29:16.992278,-2.49229
1070345:29:17.001314,-1.82026
1070345:29:17.058628,-9.28527
1070345:29:17.067219,-8.9508
1070345:29:17.076509,-10.5028
1070345:29:17.084430,-11.6433
1070345:29:17.092928,-11.643
1070345:29:17.101944,-11.6433
1070345:29:17.159837,-11.6434
1070345:29:17.168562,-11.6433
1070345:29:17.177180,-11.6435
1070345:29:17.185766,-11.6435
1070345:29:17.194003,-11.6431
1070345:29:17.203189,-11.6433
1070345:29:17.260148,-11.6432
1070345:29:17.268515,-11.6436
1070345:29:17.277691,-11.6433
1070345:29:17.285950,-11.6436
1070345:29:17.294981,-11.6432
1070345:29:17.303736,-11.6436
1070345:29:17.361983,-2.84881
1070345:29:17.370670,-2.00776
1070345:29:17.379350,-1.76369
1070345:29:17.388554,-1.86251
1070345:29:17.397282,-1.83079
1070345:29:17.406106,-3.78956
1070345:29:17.462902,-11.6438
1070345:29:17.470902,-11.6434
1070345:29:17.480878,-11.6443
1070345:29:17.488694,-11.6439
1070345:29:17.497894,-11.644
1070345:29:17.507059,-11.6439
1070345:29:17.563775,-11.6436
1070345:29:17.572518,-11.6437
1070345:29:17.581446,-11.6439
1070345:29:17.589603,-11.6437
1070345:29:17.597761,-11.6439
1070345:29:17.606743,-11.6437
1070345:29:17.664046,-11.6434
1070345:29:17.673238,-11.6438
1070345:29:17.681269,-11.6438
1070345:29:17.690998,-10.9913
1070345:29:17.699664,-5.23395
1070345:29:17.708585,-8.7266
1070345:29:17.765506,-2.30807
1070345:29:17.773754,-5.15006
1070345:29:17.781772,-7.96927
1070345:29:17.790954,-8.99401
1070345:29:17.799239,-11.6434
1070345:29:17.808459,-11.6431
1070345:29:17.866824,-11.6432
1070345:29:17.874847,-11.6431
1070345:29:17.884182,-11.6431
1070345:29:17.892941,-11.643
1070345:29:17.901983,-11.6432
1070345:29:17.910576,-11.6435
1070345:29:17.967185,-11.6433
1070345:29:17.975782,-11.6432
1070345:29:17.984512,-11.6433
1070345:29:17.993547,-11.6431
1070345:29:18.001608,-11.6431
1070345:29:18.010799,-11.6433
1070345:29:18.068375,-3.707
1070345:29:18.076759,-2.90025
1070345:29:18.085410,-1.52744
1070345:29:18.094947,-1.27145
1070345:29:18.102947,-2.13826
1070345:29:18.111931,-2.59581
1070345:29:18.169816,-11.6433
1070345:29:18.178139,-11.6432
1070345:29:18.186345,-11.6431
1070345:29:18.194931,-11.6434
1070345:29:18.203887,-11.6433
1070345:29:18.212722,-11.6434
1070345:29:18.269105,-11.6433
1070345:29:18.277159,-11.6431
1070345:29:18.286141,-11.6431
1070345:29:18.294640,-11.6433
1070345:29:18.303770,-11.6435
1070345:29:18.312841,-11.6436
1070345:29:18.370348,-11.6435
1070345:29:18.378895,-9.7887
1070345:29:18.387170,-8.57311
1070345:29:18.395895,-7.52439
1070345:29:18.404859,-5.16264
1070345:29:18.413603,-2.39399
1070345:29:18.471832,-8.07385
1070345:29:18.480427,-9.18119
1070345:29:18.488820,-9.57588
1070345:29:18.497834,-11.0611
1070345:29:18.506773,-11.6436
1070345:29:18.515594,-11.6439
1070345:29:18.572515,-11.6432
1070345:29:18.581238,-11.6441
1070345:29:18.590100,-11.644
1070345:29:18.598079,-11.6438
1070345:29:18.607096,-11.6439
1070345:29:18.616590,-11.6432
1070345:29:18.674003,-11.644
1070345:29:18.682595,-11.6438
1070345:29:18.691298,-11.644
1070345:29:18.699717,-11.6436
1070345:29:18.709125,-11.6434
1070345:29:18.717866,-11.6433
1070345:29:18.774744,-1.29316
1070345:29:18.783622,-1.1305
1070345:29:18.792266,-1.73078
1070345:29:18.800227,-2.02011
1070345:29:18.809386,-2.85438
1070345:29:18.818865,-4.87346
1070345:29:18.876170,-11.6432
1070345:29:18.884856,-11.643
1070345:29:18.893378,-11.6431
1070345:29:18.902169,-11.6433
1070345:29:18.911013,-11.6433
1070345:29:18.920064,-11.643
1070345:29:18.977541,-11.6431
1070345:29:18.986111,-11.6433
1070345:29:18.994903,-11.6431
1070345:29:19.003621,-11.6435
1070345:29:19.011655,-11.6435
1070345:29:19.021646,-11.6433
1070345:29:19.078497,-11.3602
1070345:29:19.087543,-9.18255
1070345:29:19.096097,-6.56924
1070345:29:19.105025,-3.65945
1070345:29:19.113046,-2.40813
1070345:29:19.122663,-1.44922
1070345:29:19.180454,-7.70236
1070345:29:19.188846,-10.4304
1070345:29:19.197244,-11.643
1070345:29:19.205739,-11.6432
1070345:29:19.213577,-11.6437
1070345:29:19.222826,-11.6439
1070345:29:19.232381,-11.6441
1070345:29:19.290153,-11.6437
1070345:29:19.298846,-11.6439
1070345:29:19.307423,-11.6442
1070345:29:19.315352,-11.6438
1070345:29:19.325424,-11.6432
1070345:29:19.382307,-11.6439
1070345:29:19.390695,-11.6435
1070345:29:19.398767,-11.6436
1070345:29:19.407957,-11.6437
1070345:29:19.415966,-11.6433
1070345:29:19.425860,-11.6435
1070345:29:19.434782,-11.6435
1070345:29:19.492433,-1.71178
1070345:29:19.501211,-2.66402
1070345:29:19.509499,-3.73545
1070345:29:19.518554,-4.75346
1070345:29:19.526673,-7.26153
1070345:29:19.537039,-8.97322
1070345:29:19.594681,-11.6434
1070345:29:19.603406,-11.6435
1070345:29:19.611419,-11.6433
1070345:29:19.620526,-11.6434
1070345:29:19.629383,-11.6433
1070345:29:19.638589,-11.6432
1070345:29:19.695499,-11.6433
1070345:29:19.703548,-11.6432
1070345:29:19.712226,-11.6431
1070345:29:19.721345,-11.6431
1070345:29:19.730134,-11.6433
1070345:29:19.787506,-11.6432
1070345:29:19.796178,-7.6688
1070345:29:19.804607,-5.78694
1070345:29:19.813571,-3.28046
1070345:29:19.822654,-2.01379
1070345:29:19.830781,-1.6027
1070345:29:19.888994,-1.6314
1070345:29:19.897454,-11.6433
1070345:29:19.906288,-11.6439
1070345:29:19.914821,-11.6437
1070345:29:19.923752,-11.6437
1070345:29:19.932901,-11.6438
1070345:29:19.942140,-11.6433
1070345:29:19.999640,-11.6438
1070345:29:20.008329,-11.643
1070345:29:20.016897,-11.6428
1070345:29:20.025274,-11.643
1070345:29:20.034841,-11.6429
1070345:29:20.043777,-11.6431
1070345:29:20.101597,-11.6433
1070345:29:20.110254,-11.6431
1070345:29:20.118889,-11.6436
1070345:29:20.127816,-9.73177
1070345:29:20.136842,-5.9871
1070345:29:20.145781,-3.92781
1070345:29:20.202765,-3.11738
1070345:29:20.211751,-4.48887
1070345:29:20.220480,-6.54435
1070345:29:20.229044,-10.3129
1070345:29:20.237823,-11.6433
1070345:29:20.246999,-11.6433
1070345:29:20.303780,-11.6432
1070345:29:20.312049,-11.6428
1070345:29:20.321156,-11.643
1070345:29:20.330340,-11.6432
1070345:29:20.338889,-11.6434
1070345:29:20.396382,-11.6434
1070345:29:20.405199,-11.6431
1070345:29:20.413142,-11.6432
1070345:29:20.422081,-11.6433
1070345:29:20.431322,-11.6435
1070345:29:20.439700,-11.644
1070345:29:20.497360,-11.6439
1070345:29:20.505914,-2.13013
1070345:29:20.514072,-1.23839
1070345:29:20.523306,-1.2598
1070345:29:20.531413,-1.23091
1070345:29:20.540636,-2.02126
1070345:29:20.549756,-8.44618
1070345:29:20.607236,-11.6438
1070345:29:20.614803,-11.6438
1070345:29:20.623996,-11.6438
1070345:29:20.632865,-11.6436
1070345:29:20.641049,-11.6436
1070345:29:20.649581,-11.644
1070345:29:20.660037,-11.6428
1070345:29:20.717112,-11.6436
1070345:29:20.724928,-11.6433
1070345:29:20.733879,-11.6434
1070345:29:20.742885,-11.6433
1070345:29:20.751496,-11.6434
1070345:29:20.761609,-11.6435
1070345:29:20.818290,-11.6435
1070345:29:20.827335,-11.6433
1070345:29:20.835825,-11.6437
1070345:29:20.843779,-11.6435
1070345:29:20.852816,-11.6432
1070345:29:20.863018,-11.6436
1070345:29:20.920615,-11.6433
1070345:29:20.928998,-11.6433
1070345:29:20.937899,-11.6431
1070345:29:20.945879,-11.6432
1070345:29:20.954130,-11.6435
1070345:29:20.965162,-11.6439
1070345:29:21.022404,-11.6433
1070345:29:21.031167,-11.6434
1070345:29:21.039890,-11.6438
1070345:29:21.048450,-11.6442
1070345:29:21.057084,-11.6438
1070345:29:21.066659,-11.6439
1070345:29:21.123405,-11.6435
1070345:29:21.131824,-11.6437
1070345:29:21.140433,-11.6438
1070345:29:21.148505,-11.6439
1070345:29:21.157487,-11.6439
1070345:29:21.215650,-11.644
1070345:29:21.224126,-11.6439
1070345:29:21.232068,-11.6441
1070345:29:21.241274,-11.6439
1070345:29:21.250116,-11.6437
1070345:29:21.258232,-11.6433
1070345:29:21.267232,-11.6435
1070345:29:21.325285,-11.6438
1070345:29:21.333769,-11.643
1070345:29:21.342053,-11.6432
1070345:29:21.351093,-11.643
1070345:29:21.359240,-11.6432
1070345:29:21.369273,-11.6433
1070345:29:21.426011,-11.6431
1070345:29:21.434798,-11.6434
1070345:29:21.443665,-11.6429
1070345:29:21.451657,-11.643
1070345:29:21.460622,-11.6432
1070345:29:21.469804,-11.6434
1070345:29:21.527187,-11.6434
1070345:29:21.535847,-11.6434
1070345:29:21.544026,-11.6431
1070345:29:21.553013,-11.4266
1070345:29:21.561978,-10.2054
1070345:29:21.570986,-9.14068
1070345:29:21.629075,-2.6332
1070345:29:21.638085,-4.65673
1070345:29:21.646349,-7.02588
1070345:29:21.655397,-10.7595
1070345:29:21.663516,-10.5605
1070345:29:21.672682,-9.86509
1070345:29:21.729799,-11.643
1070345:29:21.738766,-11.6431
1070345:29:21.746835,-11.6429
1070345:29:21.755907,-11.643
1070345:29:21.763790,-11.6432
1070345:29:21.772792,-11.6438
1070345:29:21.831486,-11.643
1070345:29:21.840181,-11.6434
1070345:29:21.849010,-11.6437
1070345:29:21.857620,-11.6434
1070345:29:21.865787,-11.6436
1070345:29:21.874928,-11.6435
1070345:29:21.932232,-11.6432
1070345:29:21.940816,-11.6436
1070345:29:21.949483,-11.2845
1070345:29:21.958510,-9.82177
1070345:29:21.967197,-8.78168
1070345:29:21.976414,-8.51827
1070345:29:22.033681,-6.03682
1070345:29:22.042694,-6.1085
1070345:29:22.050726,-7.30813
1070345:29:22.059660,-8.90176
1070345:29:22.067819,-10.2472
1070345:29:22.076967,-11.6433
1070345:29:22.135291,-11.6434
1070345:29:22.143754,-11.6431
1070345:29:22.152015,-11.6433
1070345:29:22.160975,-11.6429
1070345:29:22.169055,-11.6429
1070345:29:22.178039,-11.6428
1070345:29:22.236146,-11.643
1070345:29:22.244813,-11.643
1070345:29:22.253038,-11.643
1070345:29:22.262022,-11.6432
1070345:29:22.269991,-11.6432
1070345:29:22.279245,-11.6433
1070345:29:22.337667,-11.6433
1070345:29:22.345957,-11.643
1070345:29:22.353860,-11.6432
1070345:29:22.363069,-11.6434
1070345:29:22.371722,-11.644
1070345:29:22.380359,-11.6438
1070345:29:22.437355,-11.6432
1070345:29:22.446545,-11.643
1070345:29:22.454798,-11.6433
1070345:29:22.463781,-11.6435
1070345:29:22.472540,-11.643
1070345:29:22.480744,-11.6429
1070345:29:22.538010,-11.6432
1070345:29:22.547061,-11.6431
1070345:29:22.555384,-11.6432
1070345:29:22.564386,-11.6432
1070345:29:22.572359,-11.6434
1070345:29:22.581229,-11.6438
1070345:29:22.638805,-11.6439
1070345:29:22.648003,-11.6431
1070345:29:22.656047,-11.6434
1070345:29:22.664942,-11.6436
1070345:29:22.673909,-11.6437
1070345:29:22.683094,-11.6438
1070345:29:22.740273,-11.6432
1070345:29:22.749284,-11.6435
1070345:29:22.757534,-11.6439
1070345:29:22.765754,-11.6436
1070345:29:22.774752,-11.6438
1070345:29:22.783624,-11.6437
1070345:29:22.840929,-11.6435
1070345:29:22.849960,-11.6439
1070345:29:22.858425,-11.6441
1070345:29:22.866596,-11.6439
1070345:29:22.875632,-11.6439
1070345:29:22.883681,-11.6432
1070345:29:22.941245,-10.4709
1070345:29:22.949977,-8.60021
1070345:29:22.959313,-4.79718
1070345:29:22.967294,-4.05296
1070345:29:22.976302,-4.03213
1070345:29:22.985249,-3.97294
1070345:29:23.042588,-11.643
1070345:29:23.051775,-11.6434
1070345:29:23.060766,-11.6434
1070345:29:23.069606,-11.6432
1070345:29:23.077682,-11.6431
1070345:29:23.086643,-11.6429
1070345:29:23.143718,-11.6436
1070345:29:23.152512,-11.6433
1070345:29:23.161796,-11.643
1070345:29:23.170410,-11.6431
1070345:29:23.179430,-11.6434
1070345:29:23.187799,-11.6432
1070345:29:23.245599,-11.643
1070345:29:23.254044,-11.6432
1070345:29:23.263262,-11.643
1070345:29:23.271841,-11.6433
1070345:29:23.280653,-11.6433
1070345:29:23.289659,-11.6433
1070345:29:23.346513,-3.2215
1070345:29:23.354997,-2.16012
1070345:29:23.363827,-1.46728
1070345:29:23.372854,-1.76166
1070345:29:23.381656,-1.98138
1070345:29:23.390814,-2.45943
1070345:29:23.447643,-11.6433
1070345:29:23.456369,-11.6432
1070345:29:23.465472,-11.6439
1070345:29:23.473777,-11.6439
1070345:29:23.482096,-11.6437
1070345:29:23.490867,-11.6436
1070345:29:23.548744,-11.6433
1070345:29:23.557505,-11.6434
1070345:29:23.566174,-11.6439
1070345:29:23.574906,-11.6433
1070345:29:23.583783,-11.6439
1070345:29:23.592473,-11.6435
1070345:29:23.649543,-11.6438
1070345:29:23.658320,-11.6438
1070345:29:23.666873,-11.6439
1070345:29:23.675995,-11.6435
1070345:29:23.683830,-11.6433
1070345:29:23.693080,-11.6432
1070345:29:23.750185,-3.16889
1070345:29:23.758690,-1.70491
1070345:29:23.767582,-1.3585
1070345:29:23.776305,-1.38287
1070345:29:23.784574,-2.38342
1070345:29:23.793652,-2.77102
1070345:29:23.850843,-11.6435
1070345:29:23.859214,-11.6432
1070345:29:23.868531,-11.6436
1070345:29:23.877460,-11.6432
1070345:29:23.885591,-11.6433
1070345:29:23.893821,-11.6431
1070345:29:23.950623,-11.6431
1070345:29:23.959813,-11.6431
1070345:29:23.967954,-11.643
1070345:29:23.977181,-11.6433
1070345:29:23.986166,-11.6433
1070345:29:23.995414,-11.6432
1070345:29:24.052830,-11.6434
1070345:29:24.061462,-11.643
1070345:29:24.069853,-11.6433
1070345:29:24.079090,-11.6432
1070345:29:24.088094,-11.6434
1070345:29:24.096864,-11.6434
1070345:29:24.153748,-5.56208
1070345:29:24.162760,-3.93406
1070345:29:24.170774,-1.58831
1070345:29:24.180109,-1.15883
1070345:29:24.188310,-1.19233
1070345:29:24.197691,-1.1803
1070345:29:24.253814,-8.27847
1070345:29:24.263026,-9.65781
1070345:29:24.271748,-11.6437
1070345:29:24.280702,-11.6431
1070345:29:24.289258,-11.6434
1070345:29:24.298221,-11.6439
1070345:29:24.355512,-11.6431
1070345:29:24.363766,-11.6429
1070345:29:24.372762,-11.6433
1070345:29:24.380742,-11.643
1070345:29:24.389706,-11.6431
1070345:29:24.398742,-11.6436
1070345:29:24.455939,-11.6434
1070345:29:24.463799,-11.6429
1070345:29:24.473125,-11.6433
1070345:29:24.482310,-11.6432
1070345:29:24.490337,-11.6439
1070345:29:24.499547,-11.644
1070345:29:24.556748,-7.65181
1070345:29:24.564847,-9.25732
1070345:29:24.573880,-9.02941
1070345:29:24.582931,-5.05058
1070345:29:24.591479,-4.97426
1070345:29:24.600583,-3.67395
1070345:29:24.658334,-7.51852
1070345:29:24.666848,-10.0707
1070345:29:24.675092,-10.699
1070345:29:24.684126,-11.6438
1070345:29:24.692647,-11.6431
1070345:29:24.701652,-11.6434
1070345:29:24.758669,-11.6437
1070345:29:24.767273,-11.6438
1070345:29:24.776002,-11.6438
1070345:29:24.784835,-11.6431
1070345:29:24.793477,-11.6428
1070345:29:24.802487,-11.6431
1070345:29:24.860325,-11.6434
1070345:29:24.868314,-11.6435
1070345:29:24.876643,-11.6433
1070345:29:24.885766,-11.6431
1070345:29:24.895026,-11.6431
1070345:29:24.904047,-11.6431
1070345:29:24.960583,-11.6436
1070345:29:24.969444,-11.6434
1070345:29:24.977631,-11.6435
1070345:29:24.986571,-11.6435
1070345:29:24.995573,-8.849
1070345:29:25.003738,-8.08422
1070345:29:25.061389,-3.49098
1070345:29:25.070359,-3.48626
1070345:29:25.078420,-11.6436
1070345:29:25.087404,-4.23577
1070345:29:25.095965,-8.21704
1070345:29:25.104953,-11.6433
1070345:29:25.163146,-11.643
1070345:29:25.172006,-11.6433
1070345:29:25.180111,-11.6433
1070345:29:25.189126,-11.6433
1070345:29:25.197670,-11.643
1070345:29:25.254698,-11.643
1070345:29:25.263813,-11.6432
1070345:29:25.272835,-11.6432
1070345:29:25.281877,-11.6429
1070345:29:25.289904,-11.6434
1070345:29:25.299114,-11.6434
1070345:29:25.357542,-11.6437
1070345:29:25.365616,-11.6436
1070345:29:25.374454,-11.6438
1070345:29:25.382516,-11.6441
1070345:29:25.391485,-11.6438
1070345:29:25.400537,-11.6437
1070345:29:25.457846,-11.6438
1070345:29:25.466453,-3.94899
1070345:29:25.474965,-3.70303
1070345:29:25.483619,-3.18648
1070345:29:25.491726,-3.61561
1070345:29:25.500908,-3.07078
1070345:29:25.510071,-4.3741
1070345:29:25.567001,-11.644
1070345:29:25.575357,-11.6439
1070345:29:25.583496,-11.6436
1070345:29:25.592733,-11.6437
1070345:29:25.601617,-11.6434
1070345:29:25.610826,-11.6427
1070345:29:25.667713,-11.6436
1070345:29:25.676193,-11.6433
1070345:29:25.685061,-11.6431
1070345:29:25.693136,-11.6427
1070345:29:25.701539,-11.6434
1070345:29:25.711587,-11.643
1070345:29:25.769119,-11.6433
1070345:29:25.777147,-11.6431
1070345:29:25.786351,-11.643
1070345:29:25.794484,-11.6427
1070345:29:25.803444,-11.643
1070345:29:25.812481,-11.6431
1070345:29:25.870134,-11.4142
1070345:29:25.878636,-9.7232
1070345:29:25.887049,-6.37685
1070345:29:25.896138,-5.80179
1070345:29:25.904549,-5.08679
1070345:29:25.913786,-4.08834
1070345:29:25.971062,-3.40907
1070345:29:25.979167,-3.84265
1070345:29:25.988215,-4.97261
1070345:29:25.996750,-5.34653
1070345:29:26.005325,-7.10234
1070345:29:26.013789,-11.1789
1070345:29:26.071818,-11.6432
1070345:29:26.080513,-11.6432
1070345:29:26.088694,-11.6431
1070345:29:26.097246,-11.6431
1070345:29:26.106197,-11.6431
1070345:29:26.114330,-11.643
1070345:29:26.124430,-11.6437
1070345:29:26.181848,-11.6432
1070345:29:26.189893,-11.6427
1070345:29:26.199337,-11.6431
1070345:29:26.207864,-11.644
1070345:29:26.216689,-11.6433
1070345:29:26.225969,-11.6438
1070345:29:26.283803,-11.6439
1070345:29:26.292618,-11.6441
1070345:29:26.300517,-11.6437
1070345:29:26.309770,-11.6438
1070345:29:26.318598,-11.6434
1070345:29:26.328801,-11.6433
1070345:29:26.384744,-4.2474
1070345:29:26.394292,-1.79884
1070345:29:26.402822,-4.34647
1070345:29:26.411880,-1.98415
1070345:29:26.419916,-1.71159
1070345:29:26.430869,-1.61696
1070345:29:26.487664,-7.11044
1070345:29:26.496131,-7.94289
1070345:29:26.504716,-10.5335
1070345:29:26.513649,-11.6434
1070345:29:26.522156,-11.6435
1070345:29:26.580117,-11.6431
1070345:29:26.588118,-11.6432
1070345:29:26.596949,-11.643
1070345:29:26.605935,-11.6431
1070345:29:26.613898,-11.6429
1070345:29:26.622903,-11.6429
1070345:29:26.680853,-11.643
1070345:29:26.690028,-11.6435
1070345:29:26.698670,-11.6431
1070345:29:26.707425,-11.6434
1070345:29:26.715936,-11.6435
1070345:29:26.724857,-11.6435
1070345:29:26.782726,-11.6437
1070345:29:26.790653,-11.6436
1070345:29:26.800245,-11.6436
1070345:29:26.808222,-11.6441
1070345:29:26.817446,-11.6439
1070345:29:26.825920,-11.6437
1070345:29:26.883797,-9.89916
1070345:29:26.892457,-1.78754
1070345:29:26.901075,-1.62642
1070345:29:26.910052,-1.6375
1070345:29:26.919024,-1.83621
1070345:29:26.927511,-2.8
1070345:29:26.936429,-3.90472
1070345:29:26.993802,-11.6433
1070345:29:27.002454,-11.6433
1070345:29:27.011271,-11.643
1070345:29:27.019860,-11.6432
1070345:29:27.028507,-11.6434
1070345:29:27.036718,-11.6429
1070345:29:27.094843,-11.6434
1070345:29:27.103205,-11.6432
1070345:29:27.111809,-11.6433
1070345:29:27.120164,-11.6431
1070345:29:27.129305,-11.6433
1070345:29:27.138131,-11.6431
1070345:29:27.195886,-11.6429
1070345:29:27.204786,-11.6429
1070345:29:27.212951,-11.643
1070345:29:27.221664,-11.643
1070345:29:27.230661,-11.6433
1070345:29:27.238667,-11.6431
1070345:29:27.296892,-11.6433
1070345:29:27.305702,-11.6435
1070345:29:27.313912,-11.6437
1070345:29:27.322902,-11.3066
1070345:29:27.330903,-8.16542
1070345:29:27.339978,-5.41705
1070345:29:27.398147,-1.38724
1070345:29:27.406875,-1.93805
1070345:29:27.415466,-3.49296
1070345:29:27.423490,-4.52738
1070345:29:27.432673,-5.78852
1070345:29:27.441681,-7.89747
1070345:29:27.499708,-11.643
1070345:29:27.507486,-11.6439
1070345:29:27.516897,-11.6437
1070345:29:27.525587,-11.6439
1070345:29:27.533987,-11.644
1070345:29:27.542802,-11.6438
1070345:29:27.599386,-11.6429
1070345:29:27.607675,-11.6438
1070345:29:27.617261,-11.6438
1070345:29:27.626206,-11.6436
1070345:29:27.634901,-11.6436
1070345:29:27.643733,-11.6435
1070345:29:27.700846,-11.6438
1070345:29:27.709409,-11.6438
1070345:29:27.717705,-11.6435
1070345:29:27.726875,-11.6433
1070345:29:27.735723,-11.643
1070345:29:27.743880,-11.6429
1070345:29:27.801651,-6.67851
1070345:29:27.810702,-5.19559
1070345:29:27.818655,-3.32171
1070345:29:27.828001,-2.09704
1070345:29:27.835989,-1.98689
1070345:29:27.844965,-1.5582
1070345:29:27.902748,-6.11557
1070345:29:27.911846,-9.20922
1070345:29:27.919863,-9.13839
1070345:29:27.928997,-11.6437
1070345:29:27.937421,-11.6434
1070345:29:27.946128,-11.6434
1070345:29:28.002792,-11.6434
1070345:29:28.011904,-11.6434
1070345:29:28.019984,-11.6432
1070345:29:28.029436,-11.6434
1070345:29:28.038276,-11.6429
1070345:29:28.047286,-11.6435
1070345:29:28.103833,-11.643
1070345:29:28.113055,-11.6434
1070345:29:28.121688,-11.6431
1070345:29:28.130693,-11.6429
1070345:29:28.139245,-11.643
1070345:29:28.148000,-11.6431
1070345:29:28.157143,-11.6432
1070345:29:28.213834,-11.643
1070345:29:28.222006,-11.6431
1070345:29:28.231557,-11.6431
1070345:29:28.239525,-11.6433
1070345:29:28.248867,-9.43835
1070345:29:28.258054,-9.25293
1070345:29:28.315022,-2.78926
1070345:29:28.323809,-1.30344
1070345:29:28.332629,-1.9244
1070345:29:28.341437,-2.11476
1070345:29:28.350441,-2.48801
1070345:29:28.359713,-2.7496
1070345:29:28.417587,-11.6444
1070345:29:28.425781,-11.6438
1070345:29:28.434811,-11.6435
1070345:29:28.443283,-11.6438
1070345:29:28.452307,-11.6432
1070345:29:28.461563,-11.643
1070345:29:28.518261,-11.6436
1070345:29:28.526732,-11.6433
1070345:29:28.535416,-11.6431
1070345:29:28.543678,-11.643
1070345:29:28.552702,-11.6434
1070345:29:28.561752,-11.6429
1070345:29:28.619031,-11.6431
1070345:29:28.627208,-11.643
1070345:29:28.636240,-11.6429
1070345:29:28.644219,-11.6431
1070345:29:28.653374,-11.6434
1070345:29:28.710980,-11.6431
1070345:29:28.719761,-11.6435
1070345:29:28.728317,-7.68976
1070345:29:28.737347,-7.62285
1070345:29:28.745447,-3.49565
1070345:29:28.753845,-2.44551
1070345:29:28.763865,-6.03381
1070345:29:28.820756,-1.34875
1070345:29:28.829957,-4.36754
1070345:29:28.838742,-6.14027
1070345:29:28.847427,-6.76937
1070345:29:28.856009,-7.58691
1070345:29:28.913646,-7.8568
1070345:29:28.921481,-11.6433
1070345:29:28.930701,-11.6434
1070345:29:28.939667,-11.643
1070345:29:28.948562,-11.6432
1070345:29:28.956610,-11.6433
1070345:29:28.965920,-11.6432
1070345:29:29.023323,-11.6432
1070345:29:29.031651,-11.6431
1070345:29:29.040658,-11.6434
1070345:29:29.049699,-11.6433
1070345:29:29.058319,-11.6439
1070345:29:29.067307,-11.644
1070345:29:29.123840,-11.643
1070345:29:29.132998,-11.6431
1070345:29:29.141030,-11.6433
1070345:29:29.150242,-11.6437
1070345:29:29.158237,-11.6439
1070345:29:29.168057,-11.6438
1070345:29:29.224870,-6.33012
1070345:29:29.233786,-2.56227
1070345:29:29.242387,-2.03364
1070345:29:29.250922,-1.55695
1070345:29:29.259334,-1.41155
1070345:29:29.268398,-1.60761
1070345:29:29.326016,-10.166
1070345:29:29.334859,-11.6268
1070345:29:29.342684,-11.6439
1070345:29:29.351866,-11.644
1070345:29:29.360854,-11.6437
1070345:29:29.369595,-11.6435
1070345:29:29.426497,-11.644
1070345:29:29.435024,-11.6439
1070345:29:29.444072,-11.6433
1070345:29:29.452719,-11.6433
1070345:29:29.461127,-11.6429
1070345:29:29.470307,-11.643
1070345:29:29.527671,-11.6437
1070345:29:29.536214,-11.6432
1070345:29:29.545198,-11.6433
1070345:29:29.553174,-11.6431
1070345:29:29.562150,-11.6432
1070345:29:29.570391,-11.6431
1070345:29:29.580729,-11.6432
1070345:29:29.637430,-11.6432
1070345:29:29.646617,-7.65719
1070345:29:29.654636,-7.6809
1070345:29:29.663639,-6.78569
1070345:29:29.672221,-4.02826
1070345:29:29.681447,-4.28254
1070345:29:29.738648,-3.5642
1070345:29:29.747750,-3.69537
1070345:29:29.756038,-4.37161
1070345:29:29.764666,-5.56556
1070345:29:29.773206,-9.01903
1070345:29:29.783503,-10.1586
1070345:29:29.839771,-11.6428
1070345:29:29.848854,-11.6431
1070345:29:29.856845,-11.6432
1070345:29:29.865852,-11.643
1070345:29:29.874818,-11.6431
1070345:29:29.884290,-11.6439
1070345:29:29.941607,-11.6431
1070345:29:29.950814,-11.6436
1070345:29:29.958847,-11.6439
1070345:29:29.968054,-11.6436
1070345:29:29.976085,-11.6434
1070345:29:29.986043,-11.6436
1070345:29:30.042126,-11.6434
1070345:29:30.050610,-11.6438
1070345:29:30.060120,-11.6437
1070345:29:30.068133,-11.6441
1070345:29:30.077074,-11.6443
1070345:29:30.134990,-11.6434
1070345:29:30.143738,-2.04152
1070345:29:30.152283,-2.09494
1070345:29:30.161414,-2.13565
1070345:29:30.170250,-3.46568
1070345:29:30.178399,-3.86318
1070345:29:30.236209,-5.86186
1070345:29:30.244910,-11.6432
1070345:29:30.253568,-11.6431
1070345:29:30.262702,-11.6434
1070345:29:30.271616,-11.6431
1070345:29:30.280383,-11.6429
1070345:29:30.337500,-11.6431
1070345:29:30.346005,-11.6432
1070345:29:30.355048,-11.6429
1070345:29:30.363986,-11.6428
1070345:29:30.373001,-11.6433
1070345:29:30.381068,-11.6429
1070345:29:30.390090,-11.6431
1070345:29:30.447403,-11.6432
1070345:29:30.455469,-11.6431
1070345:29:30.464341,-11.6433
1070345:29:30.473348,-11.324
1070345:29:30.482333,-11.5504
1070345:29:30.539508,-11.6438
1070345:29:30.548557,-1.74081
1070345:29:30.556864,-3.14488
1070345:29:30.566071,-4.04194
1070345:29:30.573658,-4.89022
1070345:29:30.582878,-4.54614
1070345:29:30.592544,-5.50565
1070345:29:30.649236,-11.6431
1070345:29:30.657856,-11.6433
1070345:29:30.666831,-11.643
1070345:29:30.674732,-11.6432
1070345:29:30.683882,-11.6438
1070345:29:30.692853,-11.6441
1070345:29:30.750225,-11.6429
1070345:29:30.758426,-11.6435
1070345:29:30.767579,-11.6436
1070345:29:30.776560,-11.6436
1070345:29:30.784538,-11.6437
1070345:29:30.793609,-11.6438
1070345:29:30.851525,-11.6437
1070345:29:30.860162,-11.6436
1070345:29:30.869721,-11.6439
1070345:29:30.877700,-11.6433
1070345:29:30.886678,-11.6436
1070345:29:30.943792,-10.3063
1070345:29:30.952863,-1.76661
1070345:29:30.960886,-2.04751
1070345:29:30.969860,-2.8819
1070345:29:30.978946,-2.74234
1070345:29:30.988035,-3.42233
1070345:29:31.045659,-5.34272
1070345:29:31.053499,-11.6433
1070345:29:31.062501,-11.6432
1070345:29:31.071611,-11.6434
1070345:29:31.080681,-11.6431
1070345:29:31.089454,-11.643
1070345:29:31.146180,-11.6429
1070345:29:31.155082,-11.6432
1070345:29:31.163126,-11.6434
1070345:29:31.172357,-11.6433
1070345:29:31.181963,-11.6431
1070345:29:31.190208,-11.6434
1070345:29:31.199296,-11.6435
1070345:29:31.255914,-11.6433
1070345:29:31.263834,-11.6433
1070345:29:31.273124,-11.6436
1070345:29:31.282013,-11.6432
1070345:29:31.291071,-11.6434
1070345:29:31.299890,-9.68228
1070345:29:31.357090,-1.93921
1070345:29:31.365116,-1.95454
1070345:29:31.374299,-2.85719
1070345:29:31.383361,-3.63206
1070345:29:31.392372,-4.67786
1070345:29:31.400931,-6.79708
1070345:29:31.458637,-11.6433
1070345:29:31.467414,-11.6433
1070345:29:31.475489,-11.6437
1070345:29:31.484960,-11.6437
1070345:29:31.493746,-11.6438
1070345:29:31.502697,-11.6435
1070345:29:31.559296,-11.6436
1070345:29:31.567856,-11.6437
1070345:29:31.575568,-11.6435
1070345:29:31.584967,-11.644
1070345:29:31.593863,-11.6438
1070345:29:31.602403,-11.6433
1070345:29:31.660558,-11.6439
1070345:29:31.669138,-7.77584
1070345:29:31.677754,-7.36275
1070345:29:31.686265,-7.3236
1070345:29:31.695286,-3.35556
1070345:29:31.703875,-3.28797
1070345:29:31.761013,-4.95135
1070345:29:31.770014,-7.7519
1070345:29:31.778079,-8.52037
1070345:29:31.787095,-11.6439
1070345:29:31.796067,-11.6434
1070345:29:31.804597,-11.6431
1070345:29:31.814861,-11.643
1070345:29:31.871195,-11.6431
1070345:29:31.880047,-11.6431
1070345:29:31.888874,-11.643
1070345:29:31.898011,-11.6429
1070345:29:31.906640,-11.643
1070345:29:31.916097,-11.6429
1070345:29:31.973073,-11.6432
1070345:29:31.981684,-11.6431
1070345:29:31.989830,-11.6434
1070345:29:31.999108,-11.6432
1070345:29:32.008162,-11.6432
1070345:29:32.017931,-11.6436
1070345:29:32.073877,-4.5625
1070345:29:32.082745,-2.35853
1070345:29:32.091388,-1.56396
1070345:29:32.100544,-1.50302
1070345:29:32.109174,-1.41345
1070345:29:32.165996,-1.75473
1070345:29:32.174987,-11.6435
1070345:29:32.183742,-11.6434
1070345:29:32.192268,-11.6434
1070345:29:32.201444,-11.6434
1070345:29:32.209279,-11.6439
1070345:29:32.267690,-11.6437
1070345:29:32.276390,-11.644
1070345:29:32.285051,-11.644
1070345:29:32.293669,-11.6437
1070345:29:32.303014,-11.6436
1070345:29:32.310955,-11.6433
1070345:29:32.368453,-11.6436
1070345:29:32.377508,-11.6438
1070345:29:32.385520,-11.6437
1070345:29:32.394815,-11.6437
1070345:29:32.403839,-11.6321
1070345:29:32.412816,-9.11451
1070345:29:32.469875,-5.03721
1070345:29:32.478688,-1.81326
1070345:29:32.486698,-2.21495
1070345:29:32.495719,-3.46112
1070345:29:32.504281,-6.76237
1070345:29:32.513458,-8.38554
1070345:29:32.522451,-9.44768
1070345:29:32.579733,-11.6431
1070345:29:32.588356,-11.6433
1070345:29:32.596014,-11.6429
1070345:29:32.605917,-11.6429
1070345:29:32.614830,-11.6434
1070345:29:32.624006,-11.6433
1070345:29:32.679219,-11.6432
1070345:29:32.688224,-11.6431
1070345:29:32.697054,-11.6433
1070345:29:32.705875,-11.6434
1070345:29:32.715095,-11.6431
1070345:29:32.723917,-11.6432
1070345:29:32.780997,-4.11627
1070345:29:32.789625,-2.38027
1070345:29:32.798059,-3.16587
1070345:29:32.807068,-2.23504
1070345:29:32.815691,-2.1004
1070345:29:32.824925,-1.43224
1070345:29:32.882241,-11.6435
1070345:29:32.891085,-11.6433
1070345:29:32.899270,-11.6435
1070345:29:32.907763,-11.6434
1070345:29:32.916831,-11.6433
1070345:29:32.925804,-11.6438
1070345:29:32.983327,-11.6434
1070345:29:32.992342,-11.6434
1070345:29:33.000364,-11.6434
1070345:29:33.008934,-11.6435
1070345:29:33.017908,-11.6437
1070345:29:33.026862,-11.6438
1070345:29:33.083876,-11.6435
1070345:29:33.093048,-11.6439
1070345:29:33.100901,-11.644
1070345:29:33.110468,-11.6442
1070345:29:33.119575,-10.5668
1070345:29:33.128035,-10.2483
1070345:29:33.138391,-6.17473
1070345:29:33.194502,-1.89421
1070345:29:33.202355,-3.83715
1070345:29:33.211795,-8.8323
1070345:29:33.220435,-5.05929
1070345:29:33.229731,-6.42899
1070345:29:33.239045,-11.6432
1070345:29:33.295875,-11.6433
1070345:29:33.303802,-11.6435
1070345:29:33.313005,-11.6434
1070345:29:33.322252,-11.643
1070345:29:33.331214,-11.6432
1070345:29:33.340500,-11.6433
1070345:29:33.398067,-11.6431
1070345:29:33.406583,-11.6437
1070345:29:33.414351,-11.6431
1070345:29:33.423544,-11.6434
1070345:29:33.432569,-11.6437
1070345:29:33.441764,-11.6433
1070345:29:33.497926,-7.92847
1070345:29:33.507236,-4.16625
1070345:29:33.515855,-1.80762
1070345:29:33.525166,-1.77889
1070345:29:33.533930,-1.56666
1070345:29:33.543284,-1.81728
1070345:29:33.600200,-11.6435
1070345:29:33.608845,-11.6434
1070345:29:33.617520,-11.643
1070345:29:33.626467,-11.6437
1070345:29:33.634462,-11.6437
1070345:29:33.644422,-11.6437
1070345:29:33.701368,-11.6441
1070345:29:33.709857,-11.6436
1070345:29:33.718923,-11.6438
1070345:29:33.726959,-11.6439
1070345:29:33.736338,-11.6442
1070345:29:33.746416,-11.6434
1070345:29:33.802785,-11.6441
1070345:29:33.811565,-11.6441
1070345:29:33.820399,-11.6436
1070345:29:33.829034,-11.6433
1070345:29:33.837854,-11.6432
1070345:29:33.895736,-11.1583
1070345:29:33.904005,-2.10503
1070345:29:33.912810,-1.73786
1070345:29:33.921649,-2.14199
1070345:29:33.929860,-3.79366
1070345:29:33.938958,-3.94529
1070345:29:33.996752,-5.26497
1070345:29:34.005044,-11.6437
1070345:29:34.014213,-11.6432
1070345:29:34.023193,-11.6433
1070345:29:34.031205,-11.6434
1070345:29:34.040399,-11.6436
1070345:29:34.098423,-11.6432
1070345:29:34.106576,-11.643
1070345:29:34.115688,-11.6434
1070345:29:34.123870,-11.6433
1070345:29:34.132865,-11.6433
1070345:29:34.142046,-11.6433
1070345:29:34.151143,-11.6437
1070345:29:34.208834,-11.6434
1070345:29:34.216500,-11.6433
1070345:29:34.225481,-11.6432
1070345:29:34.234451,-11.6435
1070345:29:34.242993,-11.6438
1070345:29:34.301147,-11.2092
1070345:29:34.309383,-2.2541
1070345:29:34.318443,-2.16574
1070345:29:34.326201,-2.02756
1070345:29:34.335211,-2.39423
1070345:29:34.343688,-6.44652
1070345:29:34.353429,-4.4378
1070345:29:34.410384,-11.644
1070345:29:34.419167,-11.644
1070345:29:34.427405,-11.6439
1070345:29:34.436045,-11.6439
1070345:29:34.445136,-11.6439
1070345:29:34.453888,-11.6434
1070345:29:34.511461,-11.6435
1070345:29:34.519510,-11.6436
1070345:29:34.528813,-11.6431
1070345:29:34.537827,-11.6433
1070345:29:34.546442,-11.6429
1070345:29:34.555100,-11.6434
1070345:29:34.612328,-11.6435
1070345:29:34.620909,-11.6434
1070345:29:34.629402,-11.6429
1070345:29:34.638656,-11.643
1070345:29:34.647042,-11.6435
1070345:29:34.655976,-10.6367
1070345:29:34.712899,-2.12403
1070345:29:34.721451,-2.15481
1070345:29:34.730006,-2.1731
1070345:29:34.737931,-2.23102
1070345:29:34.747047,-4.05677
1070345:29:34.755063,-7.9856
1070345:29:34.813692,-11.6435
1070345:29:34.822877,-11.6433
1070345:29:34.830868,-11.6434
1070345:29:34.840072,-11.6434
1070345:29:34.848098,-11.6433
1070345:29:34.857280,-11.6433
1070345:29:34.913901,-11.6431
1070345:29:34.922914,-11.6432
1070345:29:34.930936,-11.6433
1070345:29:34.939873,-11.6431
1070345:29:34.948766,-11.6433
1070345:29:34.957962,-11.6434
1070345:29:35.016105,-11.6433
1070345:29:35.024697,-11.6434
1070345:29:35.033234,-11.6432
1070345:29:35.042211,-11.6437
1070345:29:35.050259,-11.6434
1070345:29:35.059498,-9.44105
1070345:29:35.116316,-2.41718
1070345:29:35.124979,-2.83726
1070345:29:35.134111,-3.807
1070345:29:35.142089,-4.08856
1070345:29:35.151064,-5.5812
1070345:29:35.159778,-9.50592
1070345:29:35.216750,-11.6435
1070345:29:35.225079,-11.6432
1070345:29:35.234152,-11.6433
1070345:29:35.242672,-11.6432
1070345:29:35.250635,-11.6433
1070345:29:35.259613,-11.6434
1070345:29:35.269244,-11.644
1070345:29:35.327063,-11.6434
1070345:29:35.335443,-11.644
1070345:29:35.343729,-11.6439
1070345:29:35.352829,-11.6436
1070345:29:35.361370,-11.6438
1070345:29:35.418653,-11.6436
1070345:29:35.427142,-11.6438
1070345:29:35.436115,-11.2448
1070345:29:35.445102,-9.12605
1070345:29:35.453064,-7.39929
1070345:29:35.462486,-3.78306
1070345:29:35.520039,-4.49622
1070345:29:35.528425,-4.97209
1070345:29:35.537092,-7.1342
1070345:29:35.545756,-7.97493
1070345:29:35.554877,-11.3622
1070345:29:35.563751,-11.6435
1070345:29:35.620067,-11.6436
1070345:29:35.628998,-11.6437
1070345:29:35.637804,-11.6436
1070345:29:35.645721,-11.6435
1070345:29:35.654844,-11.6435
1070345:29:35.663018,-11.6429
1070345:29:35.720222,-11.6441
1070345:29:35.729017,-11.6438
1070345:29:35.737543,-11.6433
1070345:29:35.746536,-11.6435
1070345:29:35.754647,-11.6428
1070345:29:35.763617,-11.6431
1070345:29:35.821695,-9.57668
1070345:29:35.830335,-3.85497
1070345:29:35.839747,-1.97157
1070345:29:35.847728,-2.20955
1070345:29:35.857088,-3.39693
1070345:29:35.865777,-4.20336
1070345:29:35.922864,-11.5555
1070345:29:35.930562,-11.643
1070345:29:35.939927,-11.6431
1070345:29:35.948869,-11.6434
1070345:29:35.958005,-11.6433
1070345:29:35.966630,-11.643
1070345:29:36.023702,-11.6434
1070345:29:36.032679,-11.6434
1070345:29:36.041695,-11.6431
1070345:29:36.050341,-11.6431
1070345:29:36.058770,-11.6428
1070345:29:36.067704,-11.6434
1070345:29:36.125038,-11.6432
1070345:29:36.133906,-11.6436
1070345:29:36.142765,-11.6433
1070345:29:36.150761,-11.6429
1070345:29:36.159719,-11.6433
1070345:29:36.168670,-11.6435
1070345:29:36.177961,-11.6443
1070345:29:36.233871,-2.53431
1070345:29:36.243089,-1.80678
1070345:29:36.251893,-2.23548
1070345:29:36.260719,-3.44507
1070345:29:36.269405,-5.37812
1070345:29:36.278924,-8.32502
1070345:29:36.336396,-11.6442
1070345:29:36.345042,-11.6442
1070345:29:36.353763,-11.6438
1070345:29:36.362292,-11.6441
1070345:29:36.370302,-11.6433
1070345:29:36.380542,-11.6432
1070345:29:36.437476,-11.6436
1070345:29:36.446650,-11.6434
1070345:29:36.454811,-11.643
1070345:29:36.463106,-11.643
1070345:29:36.472565,-11.6432
1070345:29:36.481746,-11.643
1070345:29:36.538479,-11.6438
1070345:29:36.547538,-11.6433
1070345:29:36.555561,-9.13516
1070345:29:36.564757,-3.5669
1070345:29:36.572733,-2.41392
1070345:29:36.582379,-3.18236
1070345:29:36.639759,-6.22725
1070345:29:36.648954,-9.59437
1070345:29:36.657815,-11.6433
1070345:29:36.666578,-11.6431
1070345:29:36.675144,-11.6432
1070345:29:36.683902,-11.6433
1070345:29:36.740345,-11.6431
1070345:29:36.749442,-11.6435
1070345:29:36.757466,-11.6432
1070345:29:36.766412,-11.6433
1070345:29:36.775569,-11.6433
1070345:29:36.783872,-11.643
1070345:29:36.840482,-11.6434
1070345:29:36.849458,-11.6434
1070345:29:36.858434,-11.6433
1070345:29:36.867410,-11.6433
1070345:29:36.875389,-11.6435
1070345:29:36.884365,-11.6433
1070345:29:36.893342,-11.6437
1070345:29:36.950725,-2.95428
1070345:29:36.959702,-2.90297
1070345:29:36.968656,-1.60442
1070345:29:36.976656,-1.54383
1070345:29:36.985634,-2.31976
1070345:29:36.994642,-3.74477
1070345:29:37.050972,-11.6432
1070345:29:37.059943,-11.6436
1070345:29:37.068918,-11.644
1070345:29:37.077894,-11.6437
1070345:29:37.085874,-11.6436
1070345:29:37.095850,-11.6436
1070345:29:37.152234,-11.6438
1070345:29:37.161349,-11.6438
1070345:29:37.170515,-11.644
1070345:29:37.178478,-11.6441
1070345:29:37.186993,-11.6442
1070345:29:37.195828,-11.6437
1070345:29:37.253508,-11.6437
1070345:29:37.262660,-11.6439
1070345:29:37.270673,-11.643
1070345:29:37.279647,-11.6436
1070345:29:37.288254,-10.9631
1070345:29:37.297360,-7.91844
1070345:29:37.353962,-2.11311
1070345:29:37.362949,-3.38586
1070345:29:37.372237,-5.0281
1070345:29:37.380241,-7.56014
1070345:29:37.389644,-11.6433
1070345:29:37.446834,-11.6431
1070345:29:37.455092,-11.6432
1070345:29:37.464273,-11.6431
1070345:29:37.473447,-11.6431
1070345:29:37.482112,-11.6431
1070345:29:37.490782,-11.6434
1070345:29:37.499015,-11.6432
1070345:29:37.556272,-11.6432
1070345:29:37.564656,-11.643
1070345:29:37.573936,-11.6433
1070345:29:37.582578,-11.6434
1070345:29:37.591479,-11.643
1070345:29:37.600288,-11.6433
1070345:29:37.656904,-4.18753
1070345:29:37.665070,-3.33623
1070345:29:37.673917,-2.02185
1070345:29:37.682939,-1.44598
1070345:29:37.690962,-1.79105
1070345:29:37.699856,-3.79175
1070345:29:37.710091,-5.12438
1070345:29:37.767156,-11.6433
1070345:29:37.776239,-11.6434
1070345:29:37.784838,-11.6434
1070345:29:37.793432,-11.6432
1070345:29:37.801730,-11.6433
1070345:29:37.810958,-11.6439
1070345:29:37.868406,-11.6431
1070345:29:37.877625,-11.6433
1070345:29:37.886273,-11.6433
1070345:29:37.895001,-11.6435
1070345:29:37.903034,-11.6437
1070345:29:37.960997,-11.6442
1070345:29:37.969657,-11.6439
1070345:29:37.978335,-11.644
1070345:29:37.987525,-11.6442
1070345:29:37.995774,-11.2757
1070345:29:38.003923,-9.34702
1070345:29:38.061610,-6.42256
1070345:29:38.070626,-2.03711
1070345:29:38.079907,-3.94532
1070345:29:38.088657,-5.78238
1070345:29:38.097085,-7.92934
1070345:29:38.105177,-11.3938
1070345:29:38.113692,-11.6431
1070345:29:38.171350,-11.6433
1070345:29:38.179331,-11.6431
1070345:29:38.188667,-11.6429
1070345:29:38.197306,-11.6429
1070345:29:38.205734,-11.6429
1070345:29:38.214777,-11.6428
1070345:29:38.271789,-11.6432
1070345:29:38.280421,-11.6428
1070345:29:38.289165,-11.6428
1070345:29:38.297750,-11.643
1070345:29:38.306203,-11.6433
1070345:29:38.314775,-11.643
1070345:29:38.372485,-8.64388
1070345:29:38.381170,-5.76536
1070345:29:38.390546,-2.52794
1070345:29:38.398848,-2.03019
1070345:29:38.407894,-1.89241
1070345:29:38.416234,-2.93595
1070345:29:38.473166,-11.6431
1070345:29:38.482245,-11.6433
1070345:29:38.491271,-11.6431
1070345:29:38.499346,-11.6433
1070345:29:38.508746,-11.6432
1070345:29:38.517119,-11.6431
1070345:29:38.574272,-11.6433
1070345:29:38.583286,-11.6431
1070345:29:38.592304,-11.6431
1070345:29:38.601264,-11.643
1070345:29:38.609703,-11.6432
1070345:29:38.618105,-11.6433
1070345:29:38.675082,-11.6433
1070345:29:38.682975,-11.643
1070345:29:38.691984,-11.6434
1070345:29:38.701017,-11.6434
1070345:29:38.709865,-11.6433
1070345:29:38.718752,-11.6435
1070345:29:38.728385,-11.6436
1070345:29:38.783942,-1.99351
1070345:29:38.793167,-3.71605
1070345:29:38.802151,-6.20359
1070345:29:38.810702,-5.92664
1070345:29:38.819085,-5.76582
1070345:29:38.829157,-6.9491
1070345:29:38.886264,-11.6432
1070345:29:38.895200,-11.6433
1070345:29:38.904740,-11.6437
1070345:29:38.913126,-11.6433
1070345:29:38.922001,-11.6432
1070345:29:38.931006,-11.6432
1070345:29:38.988101,-11.6438
1070345:29:38.996492,-11.6431
1070345:29:39.005826,-11.6431
1070345:29:39.013815,-11.6432
1070345:29:39.022886,-11.6431
1070345:29:39.032670,-11.643
1070345:29:39.088767,-10.7974
1070345:29:39.097557,-10.4219
1070345:29:39.105539,-7.58803
1070345:29:39.114859,-7.83239
1070345:29:39.122946,-8.28479
1070345:29:39.132734,-5.58934
1070345:29:39.190793,-8.78451
1070345:29:39.199572,-11.211
1070345:29:39.208673,-11.6433
1070345:29:39.217348,-11.6433
1070345:29:39.226218,-11.6436
1070345:29:39.234841,-11.6432
1070345:29:39.291876,-11.6431
1070345:29:39.300576,-11.6431
1070345:29:39.309506,-11.6429
1070345:29:39.318451,-11.6429
1070345:29:39.326493,-11.643
1070345:29:39.336429,-11.6431
1070345:29:39.393745,-11.6431
1070345:29:39.401825,-11.6432
1070345:29:39.411400,-11.6436
1070345:29:39.420340,-11.6439
1070345:29:39.429065,-11.6442
1070345:29:39.438097,-11.6442
1070345:29:39.495877,-1.69948
1070345:29:39.503933,-2.05254
1070345:29:39.513699,-4.07269
1070345:29:39.522067,-8.39702
1070345:29:39.530412,-11.2137
1070345:29:39.539637,-11.6435
1070345:29:39.596685,-11.6438
1070345:29:39.605084,-11.6437
1070345:29:39.613259,-11.6429
1070345:29:39.622387,-11.6433
1070345:29:39.631493,-11.6432
1070345:29:39.689068,-11.643
1070345:29:39.697102,-11.6433
1070345:29:39.705346,-11.643
1070345:29:39.714723,-11.6431
1070345:29:39.723800,-11.6434
1070345:29:39.732214,-11.6431
1070345:29:39.741017,-11.6432
1070345:29:39.798067,-11.6432
1070345:29:39.806705,-11.6432
1070345:29:39.814795,-11.6431
1070345:29:39.823771,-7.04007
1070345:29:39.832714,-3.62536
1070345:29:39.841753,-5.34248
1070345:29:39.898859,-1.72163
1070345:29:39.907960,-2.12987
1070345:29:39.916597,-1.61466
1070345:29:39.925651,-2.14875
1070345:29:39.934515,-3.3636
1070345:29:39.942491,-7.76305
1070345:29:40.000947,-8.36963
1070345:29:40.009670,-3.97946
1070345:29:40.018169,-9.15624
1070345:29:40.027422,-11.6434
1070345:29:40.035635,-11.6434
1070345:29:40.045031,-11.6433
1070345:29:40.101695,-11.6429
1070345:29:40.109925,-11.6435
1070345:29:40.118643,-11.6433
1070345:29:40.127699,-11.6431
1070345:29:40.137084,-11.6438
1070345:29:40.145208,-11.6439
1070345:29:40.202621,-11.6431
1070345:29:40.211457,-11.6436
1070345:29:40.219691,-11.6441
1070345:29:40.228839,-11.644
1070345:29:40.237595,-11.6434
1070345:29:40.246636,-11.6437
1070345:29:40.303740,-11.6438
1070345:29:40.312496,-11.644
1070345:29:40.320794,-11.6434
1070345:29:40.329845,-11.6438
1070345:29:40.338885,-11.6433
1070345:29:40.347900,-11.6434
1070345:29:40.403939,-11.6436
1070345:29:40.413100,-11.6436
1070345:29:40.421962,-11.6433
1070345:29:40.430943,-11.6435
1070345:29:40.439929,-11.6431
1070345:29:40.448891,-11.6434
1070345:29:40.506150,-11.6433
1070345:29:40.514966,-11.6433
1070345:29:40.523120,-11.643
1070345:29:40.531128,-11.6432
1070345:29:40.540158,-11.6432
1070345:29:40.549150,-11.6429
1070345:29:40.606127,-11.6433
1070345:29:40.614654,-11.643
1070345:29:40.622770,-11.6434
1070345:29:40.631783,-11.6433
1070345:29:40.639779,-11.6431
1070345:29:40.649208,-11.6428
1070345:29:40.659415,-11.6431
1070345:29:40.715763,-11.643
1070345:29:40.723938,-11.643
1070345:29:40.732846,-11.6434
1070345:29:40.741193,-11.6432
1070345:29:40.750753,-11.6433
1070345:29:40.759978,-11.6435
1070345:29:40.817016,-11.6433
1070345:29:40.825948,-11.6432
1070345:29:40.834725,-11.6434
1070345:29:40.843342,-11.6433
1070345:29:40.852236,-11.6432
1070345:29:40.861495,-11.643
1070345:29:40.918750,-11.6435
1070345:29:40.927424,-11.6433
1070345:29:40.935780,-11.6434
1070345:29:40.943831,-11.6433
1070345:29:40.953856,-11.6433
1070345:29:40.963099,-11.6438
1070345:29:41.019661,-11.6433
1070345:29:41.028412,-11.6432
1070345:29:41.037050,-11.6436
1070345:29:41.045142,-11.6439
1070345:29:41.053941,-11.644
1070345:29:41.064144,-11.6437
1070345:29:41.121654,-11.6438
1070345:29:41.130154,-11.6437
1070345:29:41.138751,-11.644
1070345:29:41.147401,-11.6433
1070345:29:41.156695,-11.6431
1070345:29:41.166043,-11.6435
1070345:29:41.222946,-11.6428
1070345:29:41.231751,-11.6434
1070345:29:41.240020,-11.643
1070345:29:41.249031,-11.6433
1070345:29:41.257184,-11.6433
1070345:29:41.267067,-11.6431
1070345:29:41.323953,-11.6435
1070345:29:41.331905,-11.643
1070345:29:41.340973,-11.6435
1070345:29:41.348725,-11.6436
1070345:29:41.358412,-11.6429
1070345:29:41.368208,-11.6436
1070345:29:41.425767,-11.6432
1070345:29:41.433922,-11.6434
1070345:29:41.443208,-11.6435
1070345:29:41.452218,-11.6434
1070345:29:41.460192,-11.6432
1070345:29:41.470159,-11.6437
1070345:29:41.527451,-11.6436
1070345:29:41.535829,-11.6433
